Workbook
Name Slicer_Diabetes_status: #N/A

Sheet CUSTOMER NAMES
A1: ORIGINAL DATA | E1: ORIGINAL DATA
A2: Customer ID | B2: name | E2: Customer ID | F2: Last name | G2: Title | H2: First name
A3: Id1 | B3: Hawks, Ms. Kelly | C3: a | E3: Id1 | F3: Hawks | G3: Ms | H3: Kelly
A4: Id2 | B4: Lehner, Mr. Matthew D | E4: Id2 | F4: Lehner | G4: Mr | H4: Matthew D
A5: Id3 | B5: Lu, Mr. Phil | E5: Id3 | F5: Lu | G5: Mr | H5: Phil
A6: Id4 | B6: Osborne, Ms. Kelsey | E6: Id4 | F6: Osborne | G6: Ms | H6: Kelsey
A7: Id5 | B7: Kadala, Ms. Kristyn | E7: Id5 | F7: Kadala | G7: Ms | H7: Kristyn
A8: Id6 | B8: Baker, Mr. Russell B. | E8: Id6 | F8: Baker | G8: Mr | H8: Russell B | BV8: `
A9: Id7 | B9: Macpherson, Mr. Scott | E9: Id7 | F9: Macpherson | G9: Mr | H9: Scott
A10: Id8 | B10: Hallman, Mr. Stephen | E10: Id8 | F10: Hallman | G10: Mr | H10: Stephen
A11: Id9 | B11: Moran, Mr. Patrick R. | E11: Id9 | F11: Moran | G11: Mr | H11: Patrick R
A12: Id10 | B12: Benner, Ms. Brooke N. | E12: Id10 | F12: Benner | G12: Ms | H12: Brooke N
A13: Id11 | B13: Fierro Vargas, Ms. Paola Andrea | E13: Id11 | F13: Fierro Vargas | G13: Ms | H13: Paola Andrea
A14: Id12 | B14: Franz, Mr. David | E14: Id12 | F14: Franz | G14: Mr | H14: David
A15: Id13 | B15: Foster, Mr. Wade | E15: Id13 | F15: Foster | G15: Mr | H15: Wade
A16: Id14 | B16: Tenorio, Mr. Franklin | E16: Id14 | F16: Tenorio | G16: Mr | H16: Franklin
A17: Id15 | B17: Rios, Ms. Leilani M. | E17: Id15 | F17: Rios | G17: Ms | H17: Leilani M
A18: Id16 | B18: Viau-Dupuis, Mr. Philippe | E18: Id16 | F18: Viau-Dupuis | G18: Mr | H18: Philippe
A19: Id17 | B19: Cronin, Ms. Jennifer A. | E19: Id17 | F19: Cronin | G19: Ms | H19: Jennifer A
A20: Id18 | B20: Noordstar, Ms. Christina M. | E20: Id18 | F20: Noordstar | G20: Ms | H20: Christina M
... A73: Id71 | B73: Turner, Mr. Jeff | E73: Id71 | F73: Turner | G73: Mr | H73: Jeff
A74: Id72 | B74: Rangel, Mr. Elenilton V. Sr. | E74: Id72 | F74: Rangel | G74: Mr | H74: Elenilton V | I74: Sr | L74: Sr
A75: Id73 | B75: Lacey, Ms. Maurya | E75: Id73 | F75: Lacey | G75: Ms | H75: Maurya
A76: Id74 | B76: Stiger, Ms. Samantha C | E76: Id74 | F76: Stiger | G76: Ms | H76: Samantha C
A77: Id75 | B77: Caldwell, Ms. Bethany A | E77: Id75 | F77: Caldwell | G77: Ms | H77: Bethany A
A78: Id76 | B78: Marmillod, Mr. Yves | E78: Id76 | F78: Marmillod | G78: Mr | H78: Yves
A79: Id77 | B79: Cloutier-Simons, Ms. Danielle | E79: Id77 | F79: Cloutier-Simons | G79: Ms | H79: Danielle
A80: Id78 | B80: Vegas, Ms. Julia | E80: Id78 | F80: Vegas | G80: Ms | H80: Julia
A81: Id79 | B81: Cochran, Mr. Joshua | E81: Id79 | F81: Cochran | G81: Mr | H81: Joshua
A82: Id80 | B82: Holtzapple, Ms. Jennifer | E82: Id80 | F82: Holtzapple | G82: Ms | H82: Jennifer
A83: Id81 | B83: Meyer, Ms. Gwen M. | E83: Id81 | F83: Meyer | G83: Ms | H83: Gwen M
A84: Id82 | B84: Brickley, Mr. Patrick | E84: Id82 | F84: Brickley | G84: Mr | H84: Patrick
A85: Id83 | B85: Magee, Ms. Kate | E85: Id83 | F85: Magee | G85: Ms | H85: Kate
A86: Id84 | B86: Thoma, Mr. Kevin | E86: Id84 | F86: Thoma | G86: Mr | H86: Kevin
... A189: Id187 | B189: Dublin, Mr. Andrew P | E189: Id187 | F189: Dublin | G189: Mr | H189: Andrew P
A190: Id188 | B190: Cleland, Mr. George M. V | E190: Id188 | F190: Cleland | G190: Mr | H190: George M | I190: V | L190: V
A191: Id189 | B191: Evans, Ms. Sarah | E191: Id189 | F191: Evans | G191: Ms | H191: Sarah
A192: Id190 | B192: Boyd, Ms. Lara | E192: Id190 | F192: Boyd | G192: Ms | H192: Lara
A193: Id191 | B193: Roulier, Mr. Sebastien | E193: Id191 | F193: Roulier | G193: Mr | H193: Sebastien
A194: Id192 | B194: Mullins, Mr. Padraig | E194: Id192 | F194: Mullins | G194: Mr | H194: Padraig
A195: Id193 | B195: Hofmann, Ms. Heather | E195: Id193 | F195: Hofmann | G195: Ms | H195: Heather
A196: Id194 | B196: Garcia Garcia, Mr. Jorge | E196: Id194 | F196: Garcia Garcia | G196: Mr | H196: Jorge
A197: Id195 | B197: Klecker, Mr. Jack R | E197: Id195 | F197: Klecker | G197: Mr | H197: Jack R
A198: Id196 | B198: Cancre, Mr. Felix | E198: Id196 | F198: Cancre | G198: Mr | H198: Felix
A199: Id197 | B199: Denucci, Mr. Christopher C | E199: Id197 | F199: Denucci | G199: Mr | H199: Christopher C
A200: Id198 | B200: Saldana, Mr. Jesse | E200: Id198 | F200: Saldana | G200: Mr | H200: Jesse
A201: Id199 | B201: Weinberg, Ms. Jill | E201: Id199 | F201: Weinberg | G201: Ms | H201: Jill
A202: Id200 | B202: Walsh, Mr. William | E202: Id200 | F202: Walsh | G202: Mr | H202: William
... A477: Id475 | B477: Narang, Mr. Jatin | E477: Id475 | F477: Narang | G477: Mr | H477: Jatin
A478: Id476 | B478: Royston, Mr. J P. II | E478: Id476 | F478: Royston | G478: Mr | H478: J P | I478: II | L478: II
A479: Id477 | B479: Tieri, Ms. Angela M. | E479: Id477 | F479: Tieri | G479: Ms | H479: Angela M
A480: Id478 | B480: Whitney, Mr. Blake K. | E480: Id478 | F480: Whitney | G480: Mr | H480: Blake K
A481: Id479 | B481: Wandzilak, Mr. Brian T. | E481: Id479 | F481: Wandzilak | G481: Mr | H481: Brian T
A482: Id480 | B482: Valenzona, Mr. Damon | E482: Id480 | F482: Valenzona | G482: Mr | H482: Damon
A483: Id481 | B483: Young, Mr. Jeffrey | E483: Id481 | F483: Young | G483: Mr | H483: Jeffrey
A484: Id482 | B484: Richards, Mr. Malcolm J. | E484: Id482 | F484: Richards | G484: Mr | H484: Malcolm J
A485: Id483 | B485: Alexson, Ms. Margaret B. | E485: Id483 | F485: Alexson | G485: Ms | H485: Margaret B
A486: Id484 | B486: Wright, Ms. Helen | E486: Id484 | F486: Wright | G486: Ms | H486: Helen
A487: Id485 | B487: McKenna, Mr. Matthew | E487: Id485 | F487: McKenna | G487: Mr | H487: Matthew
A488: Id486 | B488: Sallade, Mr. Jeff | E488: Id486 | F488: Sallade | G488: Mr | H488: Jeff
A489: Id487 | B489: Argall, Mrs. Tara R | E489: Id487 | F489: Argall | G489: Mrs | H489: Tara R
A490: Id488 | B490: Patchell, Ms. Kristin | E490: Id488 | F490: Patchell | G490: Ms | H490: Kristin
... A726: Id724 | B726: Nemec, Mrs. Lisa | E726: Id724 | F726: Nemec | G726: Mrs | H726: Lisa
A727: Id725 | B727: Appman, Mr. William D. Jr. | E727: Id725 | F727: Appman | G727: Mr | H727: William D | I727: Jr | L727: Jr
A728: Id726 | B728: Driscoll, Mr. James | E728: Id726 | F728: Driscoll | G728: Mr | H728: James
A729: Id727 | B729: Glotzbach, Mr. John | E729: Id727 | F729: Glotzbach | G729: Mr | H729: John
A730: Id728 | B730: Tenforde, Mr. Adam S | E730: Id728 | F730: Tenforde | G730: Mr | H730: Adam S
A731: Id729 | B731: Ramirez, Mr. Armando | E731: Id729 | F731: Ramirez | G731: Mr | H731: Armando
A732: Id730 | B732: Stanley Torres, Ms. Dana | E732: Id730 | F732: Stanley Torres | G732: Ms | H732: Dana
A733: Id731 | B733: Vandongen, Ms. Jennifer L | E733: Id731 | F733: Vandongen | G733: Ms | H733: Jennifer L
A734: Id732 | B734: Liebald, Mr. Benjamin | E734: Id732 | F734: Liebald | G734: Mr | H734: Benjamin
A735: Id733 | B735: Holte, Ms. Tanya | E735: Id733 | F735: Holte | G735: Ms | H735: Tanya
A736: Id734 | B736: Johnson, Ms. Tracy | E736: Id734 | F736: Johnson | G736: Ms | H736: Tracy
A737: Id735 | B737: Bartlett, Ms. Emily S | E737: Id735 | F737: Bartlett | G737: Ms | H737: Emily S
A738: Id736 | B738: Bergman, Ms. Kelly R | E738: Id736 | F738: Bergman | G738: Ms | H738: Kelly R
A739: Id737 | B739: Aitken, Mr. Kyle | E739: Id737 | F739: Aitken | G739: Mr | H739: Kyle
... A893: Id891 | B893: Bauder, Mr. Andrew R | E893: Id891 | F893: Bauder | G893: Mr | H893: Andrew R
A894: Id892 | B894: Mendoza, Mr. Francisco J. Sr. | E894: Id892 | F894: Mendoza | G894: Mr | H894: Francisco J | I894: Sr | L894: Sr
A895: Id893 | B895: Glass, Mrs. Rhonda | E895: Id893 | F895: Glass | G895: Mrs | H895: Rhonda
A896: Id894 | B896: Butcher, Mr. John | E896: Id894 | F896: Butcher | G896: Mr | H896: John
A897: Id895 | B897: Traiser, Mr. Miles J. | E897: Id895 | F897: Traiser | G897: Mr | H897: Miles J
A898: Id896 | B898: Mudy-Mader, Ms. Justyna I. | E898: Id896 | F898: Mudy-Mader | G898: Ms | H898: Justyna I
A899: Id897 | B899: Rogers, Ms. Lucille | E899: Id897 | F899: Rogers | G899: Ms | H899: Lucille
A900: Id898 | B900: Woo, Ms. April | E900: Id898 | F900: Woo | G900: Ms | H900: April
A901: Id899 | B901: Walsh, Mr. Robert | E901: Id899 | F901: Walsh | G901: Mr | H901: Robert
A902: Id900 | B902: White, Mrs. Alyssa | E902: Id900 | F902: White | G902: Mrs | H902: Alyssa
A903: Id901 | B903: Sheppard, Ms. Jessica E. | E903: Id901 | F903: Sheppard | G903: Ms | H903: Jessica E
A904: Id902 | B904: Doran, Mr. Patrick J. | E904: Id902 | F904: Doran | G904: Mr | H904: Patrick J
A905: Id903 | B905: Labrosse, Ms. Emilie | E905: Id903 | F905: Labrosse | G905: Ms | H905: Emilie
A906: Id904 | B906: Thomas, Ms. Caitlin B. | E906: Id904 | F906: Thomas | G906: Ms | H906: Caitlin B
... A1063: Id1061 | B1063: Dockemeyer, Mr. Kevin J | E1063: Id1061 | F1063: Dockemeyer | G1063: Mr | H1063: Kevin J
A1064: Id1062 | B1064: Steele, Mr. William H. III | E1064: Id1062 | F1064: Steele | G1064: Mr | H1064: William H | I1064: III | L1064: III
A1065: Id1063 | B1065: Harel, Mr. Gal | E1065: Id1063 | F1065: Harel | G1065: Mr | H1065: Gal
A1066: Id1064 | B1066: Aguila, Mr. Anton | E1066: Id1064 | F1066: Aguila | G1066: Mr | H1066: Anton
A1067: Id1065 | B1067: Vallejo Sarmiento, Ms. Yazmin | E1067: Id1065 | F1067: Vallejo Sarmiento | G1067: Ms | H1067: Yazmin
A1068: Id1066 | B1068: Beisheim, Mr. Florian | E1068: Id1066 | F1068: Beisheim | G1068: Mr | H1068: Florian
A1069: Id1067 | B1069: Lenhoff, Ms. Karen L | E1069: Id1067 | F1069: Lenhoff | G1069: Ms | H1069: Karen L
A1070: Id1068 | B1070: Wehrwein, Mr. Scott | E1070: Id1068 | F1070: Wehrwein | G1070: Mr | H1070: Scott
A1071: Id1069 | B1071: Wallace, Ms. Claire | E1071: Id1069 | F1071: Wallace | G1071: Ms | H1071: Claire
A1072: Id1070 | B1072: Markowitz, Ms. Lynn M. | E1072: Id1070 | F1072: Markowitz | G1072: Ms | H1072: Lynn M
...

Sheet MEDICAL EXAMINATION
A1: ORIGINAL DATA | K1: REMOVED NULL VALUES AND COLUMN ADDED
A2: Customer ID | B2: BMI | C2: HBA1C | D2: Heart Issues | E2: Any Transplants | F2: Cancer history | G2: NumberOfMajorSurgeries | H2: smoker | K2: Customer ID | L2: BMI | M2: weight status | N2: HBA1C | O2: Diabetes status | P2: Heart Issues | Q2: Any Transplants | R2: Cancer history | S2: NumberOfMajorSurgeries | T2: smoker
A3: Id1 | B3: 47.41 | C3: 7.47 | D3: No | E3: No | F3: No | G3: No major surgery | H3: yes | K3: Id1 | L3: 47.41 | M3: =IF(L3<=18.5,"Underweight",IF(L3<=24.9,"Normal",IF(L3>=29.9,"OVERWEIGHT","OBESITY"))) -> OVERWEIGHT | N3: 7.47 | O3: =IF(N3<=5.7,"NORMAL",IF(N3<6.4,"PREDIABETES",IF(N3>=6.5,"DIABETES"))) -> DIABETES | P3: No | Q3: No | R3: No | S3: No major surgery | T3: yes
A4: Id2 | B4: 30.36 | C4: 5.77 | D4: No | E4: No | F4: No | G4: No major surgery | H4: yes | K4: Id2 | L4: 30.36 | M4: =IF(L4<=18.5,"Underweight",IF(L4<=24.9,"Normal",IF(L4>=29.9,"OVERWEIGHT","OBESITY"))) -> OVERWEIGHT | N4: 5.77 | O4: =IF(N4<=5.7,"NORMAL",IF(N4<6.4,"PREDIABETES",IF(N4>=6.5,"DIABETES"))) -> PREDIABETES | P4: No | Q4: No | R4: No | S4: No major surgery | T4: yes
A5: Id3 | B5: 34.485 | C5: 11.87 | D5: yes | E5: No | F5: No | G5: 2 | H5: yes | K5: Id3 | L5: 34.485 | M5: =IF(L5<=18.5,"Underweight",IF(L5<=24.9,"Normal",IF(L5>=29.9,"OVERWEIGHT","OBESITY"))) -> OVERWEIGHT | N5: 11.87 | O5: =IF(N5<=5.7,"NORMAL",IF(N5<6.4,"PREDIABETES",IF(N5>=6.5,"DIABETES"))) -> DIABETES | P5: yes | Q5: No | R5: No | S5: 2 | T5: yes
A6: Id4 | B6: 38.095 | C6: 6.05 | D6: No | E6: No | F6: No | G6: No major surgery | H6: yes | K6: Id4 | L6: 38.095 | M6: =IF(L6<=18.5,"Underweight",IF(L6<=24.9,"Normal",IF(L6>=29.9,"OVERWEIGHT","OBESITY"))) -> OVERWEIGHT | N6: 6.05 | O6: =IF(N6<=5.7,"NORMAL",IF(N6<6.4,"PREDIABETES",IF(N6>=6.5,"DIABETES"))) -> PREDIABETES | P6: No | Q6: No | R6: No | S6: No major surgery | T6: yes
A7: Id5 | B7: 35.53 | C7: 5.45 | D7: No | E7: No | F7: No | G7: No major surgery | H7: yes | K7: Id5 | L7: 35.53 | M7: =IF(L7<=18.5,"Underweight",IF(L7<=24.9,"Normal",IF(L7>=29.9,"OVERWEIGHT","OBESITY"))) -> OVERWEIGHT | N7: 5.45 | O7: =IF(N7<=5.7,"NORMAL",IF(N7<6.4,"PREDIABETES",IF(N7>=6.5,"DIABETES"))) -> NORMAL | P7: No | Q7: No | R7: No | S7: No major surgery | T7: yes
A8: Id6 | B8: 32.8 | C8: 6.59 | D8: No | E8: No | F8: No | G8: No major surgery | H8: yes | K8: Id6 | L8: 32.8 | M8: =IF(L8<=18.5,"Underweight",IF(L8<=24.9,"Normal",IF(L8>=29.9,"OVERWEIGHT","OBESITY"))) -> OVERWEIGHT | N8: 6.59 | O8: =IF(N8<=5.7,"NORMAL",IF(N8<6.4,"PREDIABETES",IF(N8>=6.5,"DIABETES"))) -> DIABETES | P8: No | Q8: No | R8: No | S8: No major surgery | T8: yes
A9: Id7 | B9: 36.4 | C9: 6.07 | D9: No | E9: No | F9: No | G9: No major surgery | H9: yes | K9: Id7 | L9: 36.4 | M9: =IF(L9<=18.5,"Underweight",IF(L9<=24.9,"Normal",IF(L9>=29.9,"OVERWEIGHT","OBESITY"))) -> OVERWEIGHT | N9: 6.07 | O9: =IF(N9<=5.7,"NORMAL",IF(N9<6.4,"PREDIABETES",IF(N9>=6.5,"DIABETES"))) -> PREDIABETES | P9: No | Q9: No | R9: No | S9: No major surgery | T9: yes
A10: Id8 | B10: 36.96 | C10: 7.93 | D10: No | E10: No | F10: No | G10: 3 | H10: yes | K10: Id8 | L10: 36.96 | M10: =IF(L10<=18.5,"Underweight",IF(L10<=24.9,"Normal",IF(L10>=29.9,"OVERWEIGHT","OBESITY"))) -> OVERWEIGHT | N10: 7.93 | O10: =IF(N10<=5.7,"NORMAL",IF(N10<6.4,"PREDIABETES",IF(N10>=6.5,"DIABETES"))) -> DIABETES | P10: No | Q10: No | R10: No | S10: 3 | T10: yes
A11: Id9 | B11: 41.14 | C11: 9.58 | D11: yes | E11: No | F11: Yes | G11: 1 | H11: yes | K11: Id9 | L11: 41.14 | M11: =IF(L11<=18.5,"Underweight",IF(L11<=24.9,"Normal",IF(L11>=29.9,"OVERWEIGHT","OBESITY"))) -> OVERWEIGHT | N11: 9.58 | O11: =IF(N11<=5.7,"NORMAL",IF(N11<6.4,"PREDIABETES",IF(N11>=6.5,"DIABETES"))) -> DIABETES | P11: yes | Q11: No | R11: Yes | S11: 1 | T11: yes
A12: Id10 | B12: 38.06 | C12: 10.79 | D12: No | E12: No | F12: No | G12: No major surgery | H12: yes | K12: Id10 | L12: 38.06 | M12: =IF(L12<=18.5,"Underweight",IF(L12<=24.9,"Normal",IF(L12>=29.9,"OVERWEIGHT","OBESITY"))) -> OVERWEIGHT | N12: 10.79 | O12: =IF(N12<=5.7,"NORMAL",IF(N12<6.4,"PREDIABETES",IF(N12>=6.5,"DIABETES"))) -> DIABETES | P12: No | Q12: No | R12: No | S12: No major surgery | T12: yes
A13: Id11 | B13: 37.7 | C13: 5.96 | D13: yes | E13: No | F13: No | G13: 2 | H13: yes | K13: Id11 | L13: 37.7 | M13: =IF(L13<=18.5,"Underweight",IF(L13<=24.9,"Normal",IF(L13>=29.9,"OVERWEIGHT","OBESITY"))) -> OVERWEIGHT | N13: 5.96 | O13: =IF(N13<=5.7,"NORMAL",IF(N13<6.4,"PREDIABETES",IF(N13>=6.5,"DIABETES"))) -> PREDIABETES | P13: yes | Q13: No | R13: No | S13: 2 | T13: yes
A14: Id12 | B14: 42.13 | C14: 11.9 | D14: No | E14: No | F14: No | G14: No major surgery | H14: yes | K14: Id12 | L14: 42.13 | M14: =IF(L14<=18.5,"Underweight",IF(L14<=24.9,"Normal",IF(L14>=29.9,"OVERWEIGHT","OBESITY"))) -> OVERWEIGHT | N14: 11.9 | O14: =IF(N14<=5.7,"NORMAL",IF(N14<6.4,"PREDIABETES",IF(N14>=6.5,"DIABETES"))) -> DIABETES | P14: No | Q14: No | R14: No | S14: No major surgery | T14: yes
A15: Id13 | B15: 40.92 | C15: 8.41 | D15: No | E15: No | F15: No | G15: No major surgery | H15: yes | K15: Id13 | L15: 40.92 | M15: =IF(L15<=18.5,"Underweight",IF(L15<=24.9,"Normal",IF(L15>=29.9,"OVERWEIGHT","OBESITY"))) -> OVERWEIGHT | N15: 8.41 | O15: =IF(N15<=5.7,"NORMAL",IF(N15<6.4,"PREDIABETES",IF(N15>=6.5,"DIABETES"))) -> DIABETES | P15: No | Q15: No | R15: No | S15: No major surgery | T15: yes
A16: Id14 | B16: 40.565 | C16: 7.02 | D16: No | E16: No | F16: No | G16: No major surgery | H16: yes | K16: Id14 | L16: 40.565 | M16: =IF(L16<=18.5,"Underweight",IF(L16<=24.9,"Normal",IF(L16>=29.9,"OVERWEIGHT","OBESITY"))) -> OVERWEIGHT | N16: 7.02 | O16: =IF(N16<=5.7,"NORMAL",IF(N16<6.4,"PREDIABETES",IF(N16>=6.5,"DIABETES"))) -> DIABETES | P16: No | Q16: No | R16: No | S16: No major surgery | T16: yes
A17: Id15 | B17: 36.385 | C17: 7.59 | D17: yes | E17: No | F17: No | G17: 2 | H17: yes | K17: Id15 | L17: 36.385 | M17: =IF(L17<=18.5,"Underweight",IF(L17<=24.9,"Normal",IF(L17>=29.9,"OVERWEIGHT","OBESITY"))) -> OVERWEIGHT | N17: 7.59 | O17: =IF(N17<=5.7,"NORMAL",IF(N17<6.4,"PREDIABETES",IF(N17>=6.5,"DIABETES"))) -> DIABETES | P17: yes | Q17: No | R17: No | S17: 2 | T17: yes
A18: Id16 | B18: 39.9 | C18: 11.32 | D18: No | E18: No | F18: No | G18: No major surgery | H18: yes | K18: Id16 | L18: 39.9 | M18: =IF(L18<=18.5,"Underweight",IF(L18<=24.9,"Normal",IF(L18>=29.9,"OVERWEIGHT","OBESITY"))) -> OVERWEIGHT | N18: 11.32 | O18: =IF(N18<=5.7,"NORMAL",IF(N18<6.4,"PREDIABETES",IF(N18>=6.5,"DIABETES"))) -> DIABETES | P18: No | Q18: No | R18: No | S18: No major surgery | T18: yes
A19: Id17 | B19: 33.8 | C19: 7.67 | D19: No | E19: No | F19: No | G19: 3 | H19: yes | K19: Id17 | L19: 33.8 | M19: =IF(L19<=18.5,"Underweight",IF(L19<=24.9,"Normal",IF(L19>=29.9,"OVERWEIGHT","OBESITY"))) -> OVERWEIGHT | N19: 7.67 | O19: =IF(N19<=5.7,"NORMAL",IF(N19<6.4,"PREDIABETES",IF(N19>=6.5,"DIABETES"))) -> DIABETES | P19: No | Q19: No | R19: No | S19: 3 | T19: yes
A20: Id18 | B20: 36.765 | C20: 7.29 | D20: yes | E20: No | F20: Yes | G20: 1 | H20: yes | K20: Id18 | L20: 36.765 | M20: =IF(L20<=18.5,"Underweight",IF(L20<=24.9,"Normal",IF(L20>=29.9,"OVERWEIGHT","OBESITY"))) -> OVERWEIGHT | N20: 7.29 | O20: =IF(N20<=5.7,"NORMAL",IF(N20<6.4,"PREDIABETES",IF(N20>=6.5,"DIABETES"))) -> DIABETES | P20: yes | Q20: No | R20: Yes | S20: 1 | T20: yes
A21: Id19 | B21: 36.955 | C21: 4.72 | D21: yes | E21: No | F21: No | G21: 1 | H21: yes | K21: Id19 | L21: 36.955 | M21: =IF(L21<=18.5,"Underweight",IF(L21<=24.9,"Normal",IF(L21>=29.9,"OVERWEIGHT","OBESITY"))) -> OVERWEIGHT | N21: 4.72 | O21: =IF(N21<=5.7,"NORMAL",IF(N21<6.4,"PREDIABETES",IF(N21>=6.5,"DIABETES"))) -> NORMAL | P21: yes | Q21: No | R21: No | S21: 1 | T21: yes
A22: Id20 | B22: 42.9 | C22: 11.41 | D22: No | E22: No | F22: No | G22: No major surgery | H22: yes | K22: Id20 | L22: 42.9 | M22: =IF(L22<=18.5,"Underweight",IF(L22<=24.9,"Normal",IF(L22>=29.9,"OVERWEIGHT","OBESITY"))) -> OVERWEIGHT | N22: 11.41 | O22: =IF(N22<=5.7,"NORMAL",IF(N22<6.4,"PREDIABETES",IF(N22>=6.5,"DIABETES"))) -> DIABETES | P22: No | Q22: No | R22: No | S22: No major surgery | T22: yes
A23: Id21 | B23: 36.3 | C23: 11.5 | D23: yes | E23: No | F23: No | G23: 2 | H23: yes | K23: Id21 | L23: 36.3 | M23: =IF(L23<=18.5,"Underweight",IF(L23<=24.9,"Normal",IF(L23>=29.9,"OVERWEIGHT","OBESITY"))) -> OVERWEIGHT | N23: 11.5 | O23: =IF(N23<=5.7,"NORMAL",IF(N23<6.4,"PREDIABETES",IF(N23>=6.5,"DIABETES"))) -> DIABETES | P23: yes | Q23: No | R23: No | S23: 2 | T23: yes
A24: Id22 | B24: 32.2 | C24: 6.22 | D24: yes | E24: No | F24: No | G24: 2 | H24: yes | K24: Id22 | L24: 32.2 | M24: =IF(L24<=18.5,"Underweight",IF(L24<=24.9,"Normal",IF(L24>=29.9,"OVERWEIGHT","OBESITY"))) -> OVERWEIGHT | N24: 6.22 | O24: =IF(N24<=5.7,"NORMAL",IF(N24<6.4,"PREDIABETES",IF(N24>=6.5,"DIABETES"))) -> PREDIABETES | P24: yes | Q24: No | R24: No | S24: 2 | T24: yes
A25: Id23 | B25: 31.3 | C25: 11.38 | D25: No | E25: No | F25: No | G25: 3 | H25: yes | K25: Id23 | L25: 31.3 | M25: =IF(L25<=18.5,"Underweight",IF(L25<=24.9,"Normal",IF(L25>=29.9,"OVERWEIGHT","OBESITY"))) -> OVERWEIGHT | N25: 11.38 | O25: =IF(N25<=5.7,"NORMAL",IF(N25<6.4,"PREDIABETES",IF(N25>=6.5,"DIABETES"))) -> DIABETES | P25: No | Q25: No | R25: No | S25: 3 | T25: yes
A26: Id24 | B26: 41.8 | C26: 7.89 | D26: yes | E26: No | F26: No | G26: 2 | H26: yes | K26: Id24 | L26: 41.8 | M26: =IF(L26<=18.5,"Underweight",IF(L26<=24.9,"Normal",IF(L26>=29.9,"OVERWEIGHT","OBESITY"))) -> OVERWEIGHT | N26: 7.89 | O26: =IF(N26<=5.7,"NORMAL",IF(N26<6.4,"PREDIABETES",IF(N26>=6.5,"DIABETES"))) -> DIABETES | P26: yes | Q26: No | R26: No | S26: 2 | T26: yes
A27: Id25 | B27: 35.09 | C27: 4.38 | D27: yes | E27: No | F27: No | G27: 2 | H27: yes | K27: Id25 | L27: 35.09 | M27: =IF(L27<=18.5,"Underweight",IF(L27<=24.9,"Normal",IF(L27>=29.9,"OVERWEIGHT","OBESITY"))) -> OVERWEIGHT | N27: 4.38 | O27: =IF(N27<=5.7,"NORMAL",IF(N27<6.4,"PREDIABETES",IF(N27>=6.5,"DIABETES"))) -> NORMAL | P27: yes | Q27: No | R27: No | S27: 2 | T27: yes
A28: Id26 | B28: 33.88 | C28: 7.01 | D28: No | E28: No | F28: No | G28: 3 | H28: yes | K28: Id26 | L28: 33.88 | M28: =IF(L28<=18.5,"Underweight",IF(L28<=24.9,"Normal",IF(L28>=29.9,"OVERWEIGHT","OBESITY"))) -> OVERWEIGHT | N28: 7.01 | O28: =IF(N28<=5.7,"NORMAL",IF(N28<6.4,"PREDIABETES",IF(N28>=6.5,"DIABETES"))) -> DIABETES | P28: No | Q28: No | R28: No | S28: 3 | T28: yes
A29: Id27 | B29: 30.875 | C29: 11.88 | D29: No | E29: No | F29: No | G29: No major surgery | H29: yes | K29: Id27 | L29: 30.875 | M29: =IF(L29<=18.5,"Underweight",IF(L29<=24.9,"Normal",IF(L29>=29.9,"OVERWEIGHT","OBESITY"))) -> OVERWEIGHT | N29: 11.88 | O29: =IF(N29<=5.7,"NORMAL",IF(N29<6.4,"PREDIABETES",IF(N29>=6.5,"DIABETES"))) -> DIABETES | P29: No | Q29: No | R29: No | S29: No major surgery | T29: yes
A30: Id28 | B30: 36.86 | C30: 5.19 | D30: yes | E30: No | F30: Yes | G30: 1 | H30: yes | K30: Id28 | L30: 36.86 | M30: =IF(L30<=18.5,"Underweight",IF(L30<=24.9,"Normal",IF(L30>=29.9,"OVERWEIGHT","OBESITY"))) -> OVERWEIGHT | N30: 5.19 | O30: =IF(N30<=5.7,"NORMAL",IF(N30<6.4,"PREDIABETES",IF(N30>=6.5,"DIABETES"))) -> NORMAL | P30: yes | Q30: No | R30: Yes | S30: 1 | T30: yes
A31: Id29 | B31: 35.86 | C31: 6.74 | D31: yes | E31: No | F31: No | G31: 2 | H31: yes | K31: Id29 | L31: 35.86 | M31: =IF(L31<=18.5,"Underweight",IF(L31<=24.9,"Normal",IF(L31>=29.9,"OVERWEIGHT","OBESITY"))) -> OVERWEIGHT | N31: 6.74 | O31: =IF(N31<=5.7,"NORMAL",IF(N31<6.4,"PREDIABETES",IF(N31>=6.5,"DIABETES"))) -> DIABETES | P31: yes | Q31: No | R31: No | S31: 2 | T31: yes
A32: Id30 | B32: 37.05 | C32: 8.44 | D32: No | E32: No | F32: No | G32: No major surgery | H32: yes | K32: Id30 | L32: 37.05 | M32: =IF(L32<=18.5,"Underweight",IF(L32<=24.9,"Normal",IF(L32>=29.9,"OVERWEIGHT","OBESITY"))) -> OVERWEIGHT | N32: 8.44 | O32: =IF(N32<=5.7,"NORMAL",IF(N32<6.4,"PREDIABETES",IF(N32>=6.5,"DIABETES"))) -> DIABETES | P32: No | Q32: No | R32: No | S32: No major surgery | T32: yes
A33: Id31 | B33: 43.89 | C33: 8.71 | D33: No | E33: No | F33: No | G33: No major surgery | H33: yes | K33: Id31 | L33: 43.89 | M33: =IF(L33<=18.5,"Underweight",IF(L33<=24.9,"Normal",IF(L33>=29.9,"OVERWEIGHT","OBESITY"))) -> OVERWEIGHT | N33: 8.71 | O33: =IF(N33<=5.7,"NORMAL",IF(N33<6.4,"PREDIABETES",IF(N33>=6.5,"DIABETES"))) -> DIABETES | P33: No | Q33: No | R33: No | S33: No major surgery | T33: yes
A34: Id32 | B34: 42.35 | C34: 5.08 | D34: yes | E34: No | F34: No | G34: No major surgery | H34: yes | K34: Id32 | L34: 42.35 | M34: =IF(L34<=18.5,"Underweight",IF(L34<=24.9,"Normal",IF(L34>=29.9,"OVERWEIGHT","OBESITY"))) -> OVERWEIGHT | N34: 5.08 | O34: =IF(N34<=5.7,"NORMAL",IF(N34<6.4,"PREDIABETES",IF(N34>=6.5,"DIABETES"))) -> NORMAL | P34: yes | Q34: No | R34: No | S34: No major surgery | T34: yes
A35: Id33 | B35: 31.35 | C35: 6.86 | D35: No | E35: No | F35: No | G35: No major surgery | H35: yes | K35: Id33 | L35: 31.35 | M35: =IF(L35<=18.5,"Underweight",IF(L35<=24.9,"Normal",IF(L35>=29.9,"OVERWEIGHT","OBESITY"))) -> OVERWEIGHT | N35: 6.86 | O35: =IF(N35<=5.7,"NORMAL",IF(N35<6.4,"PREDIABETES",IF(N35>=6.5,"DIABETES"))) -> DIABETES | P35: No | Q35: No | R35: No | S35: No major surgery | T35: yes
A36: Id34 | B36: 47.6 | C36: 5.95 | D36: yes | E36: No | F36: No | G36: No major surgery | H36: yes | K36: Id34 | L36: 47.6 | M36: =IF(L36<=18.5,"Underweight",IF(L36<=24.9,"Normal",IF(L36>=29.9,"OVERWEIGHT","OBESITY"))) -> OVERWEIGHT | N36: 5.95 | O36: =IF(N36<=5.7,"NORMAL",IF(N36<6.4,"PREDIABETES",IF(N36>=6.5,"DIABETES"))) -> PREDIABETES | P36: yes | Q36: No | R36: No | S36: No major surgery | T36: yes
A37: Id35 | B37: 46.2 | C37: 6.09 | D37: No | E37: No | F37: Yes | G37: 1 | H37: yes | K37: Id35 | L37: 46.2 | M37: =IF(L37<=18.5,"Underweight",IF(L37<=24.9,"Normal",IF(L37>=29.9,"OVERWEIGHT","OBESITY"))) -> OVERWEIGHT | N37: 6.09 | O37: =IF(N37<=5.7,"NORMAL",IF(N37<6.4,"PREDIABETES",IF(N37>=6.5,"DIABETES"))) -> PREDIABETES | P37: No | Q37: No | R37: Yes | S37: 1 | T37: yes
A38: Id36 | B38: 32.015 | C38: 11.75 | D38: No | E38: No | F38: No | G38: No major surgery | H38: yes | K38: Id36 | L38: 32.015 | M38: =IF(L38<=18.5,"Underweight",IF(L38<=24.9,"Normal",IF(L38>=29.9,"OVERWEIGHT","OBESITY"))) -> OVERWEIGHT | N38: 11.75 | O38: =IF(N38<=5.7,"NORMAL",IF(N38<6.4,"PREDIABETES",IF(N38>=6.5,"DIABETES"))) -> DIABETES | P38: No | Q38: No | R38: No | S38: No major surgery | T38: yes
A39: Id37 | B39: 40.565 | C39: 7.37 | D39: No | E39: No | F39: No | G39: No major surgery | H39: yes | K39: Id37 | L39: 40.565 | M39: =IF(L39<=18.5,"Underweight",IF(L39<=24.9,"Normal",IF(L39>=29.9,"OVERWEIGHT","OBESITY"))) -> OVERWEIGHT | N39: 7.37 | O39: =IF(N39<=5.7,"NORMAL",IF(N39<6.4,"PREDIABETES",IF(N39>=6.5,"DIABETES"))) -> DIABETES | P39: No | Q39: No | R39: No | S39: No major surgery | T39: yes
A40: Id38 | B40: 32.45 | C40: 11.91 | D40: No | E40: No | F40: No | G40: No major surgery | H40: yes | K40: Id38 | L40: 32.45 | M40: =IF(L40<=18.5,"Underweight",IF(L40<=24.9,"Normal",IF(L40>=29.9,"OVERWEIGHT","OBESITY"))) -> OVERWEIGHT | N40: 11.91 | O40: =IF(N40<=5.7,"NORMAL",IF(N40<6.4,"PREDIABETES",IF(N40>=6.5,"DIABETES"))) -> DIABETES | P40: No | Q40: No | R40: No | S40: No major surgery | T40: yes
A41: Id39 | B41: 34.96 | C41: 6.52 | D41: No | E41: No | F41: No | G41: No major surgery | H41: yes | K41: Id39 | L41: 34.96 | M41: =IF(L41<=18.5,"Underweight",IF(L41<=24.9,"Normal",IF(L41>=29.9,"OVERWEIGHT","OBESITY"))) -> OVERWEIGHT | N41: 6.52 | O41: =IF(N41<=5.7,"NORMAL",IF(N41<6.4,"PREDIABETES",IF(N41>=6.5,"DIABETES"))) -> DIABETES | P41: No | Q41: No | R41: No | S41: No major surgery | T41: yes
A42: Id40 | B42: 35.5 | C42: 5.14 | D42: No | E42: No | F42: Yes | G42: 1 | H42: yes | K42: Id40 | L42: 35.5 | M42: =IF(L42<=18.5,"Underweight",IF(L42<=24.9,"Normal",IF(L42>=29.9,"OVERWEIGHT","OBESITY"))) -> OVERWEIGHT | N42: 5.14 | O42: =IF(N42<=5.7,"NORMAL",IF(N42<6.4,"PREDIABETES",IF(N42>=6.5,"DIABETES"))) -> NORMAL | P42: No | Q42: No | R42: Yes | S42: 1 | T42: yes
A43: Id41 | B43: 52.58 | C43: 4.19 | D43: No | E43: yes | F43: No | G43: 1 | H43: yes | K43: Id41 | L43: 52.58 | M43: =IF(L43<=18.5,"Underweight",IF(L43<=24.9,"Normal",IF(L43>=29.9,"OVERWEIGHT","OBESITY"))) -> OVERWEIGHT | N43: 4.19 | O43: =IF(N43<=5.7,"NORMAL",IF(N43<6.4,"PREDIABETES",IF(N43>=6.5,"DIABETES"))) -> NORMAL | P43: No | Q43: yes | R43: No | S43: 1 | T43: yes
A44: Id42 | B44: 35.2 | C44: 11.68 | D44: yes | E44: No | F44: No | G44: No major surgery | H44: yes | K44: Id42 | L44: 35.2 | M44: =IF(L44<=18.5,"Underweight",IF(L44<=24.9,"Normal",IF(L44>=29.9,"OVERWEIGHT","OBESITY"))) -> OVERWEIGHT | N44: 11.68 | O44: =IF(N44<=5.7,"NORMAL",IF(N44<6.4,"PREDIABETES",IF(N44>=6.5,"DIABETES"))) -> DIABETES | P44: yes | Q44: No | R44: No | S44: No major surgery | T44: yes
A45: Id43 | B45: 38.06 | C45: 6.98 | D45: No | E45: No | F45: No | G45: No major surgery | H45: yes | K45: Id43 | L45: 38.06 | M45: =IF(L45<=18.5,"Underweight",IF(L45<=24.9,"Normal",IF(L45>=29.9,"OVERWEIGHT","OBESITY"))) -> OVERWEIGHT | N45: 6.98 | O45: =IF(N45<=5.7,"NORMAL",IF(N45<6.4,"PREDIABETES",IF(N45>=6.5,"DIABETES"))) -> DIABETES | P45: No | Q45: No | R45: No | S45: No major surgery | T45: yes
A46: Id44 | B46: 34.21 | C46: 8.34 | D46: No | E46: No | F46: No | G46: No major surgery | H46: yes | K46: Id44 | L46: 34.21 | M46: =IF(L46<=18.5,"Underweight",IF(L46<=24.9,"Normal",IF(L46>=29.9,"OVERWEIGHT","OBESITY"))) -> OVERWEIGHT | N46: 8.34 | O46: =IF(N46<=5.7,"NORMAL",IF(N46<6.4,"PREDIABETES",IF(N46>=6.5,"DIABETES"))) -> DIABETES | P46: No | Q46: No | R46: No | S46: No major surgery | T46: yes
A47: Id45 | B47: 38.94 | C47: 8.49 | D47: yes | E47: No | F47: No | G47: 1 | H47: yes | K47: Id45 | L47: 38.94 | M47: =IF(L47<=18.5,"Underweight",IF(L47<=24.9,"Normal",IF(L47>=29.9,"OVERWEIGHT","OBESITY"))) -> OVERWEIGHT | N47: 8.49 | O47: =IF(N47<=5.7,"NORMAL",IF(N47<6.4,"PREDIABETES",IF(N47>=6.5,"DIABETES"))) -> DIABETES | P47: yes | Q47: No | R47: No | S47: 1 | T47: yes
A48: Id46 | B48: 30.21 | C48: 5.34 | D48: yes | E48: No | F48: No | G48: 1 | H48: yes | K48: Id46 | L48: 30.21 | M48: =IF(L48<=18.5,"Underweight",IF(L48<=24.9,"Normal",IF(L48>=29.9,"OVERWEIGHT","OBESITY"))) -> OVERWEIGHT | N48: 5.34 | O48: =IF(N48<=5.7,"NORMAL",IF(N48<6.4,"PREDIABETES",IF(N48>=6.5,"DIABETES"))) -> NORMAL | P48: yes | Q48: No | R48: No | S48: 1 | T48: yes
A49: Id47 | B49: 33.63 | C49: 4.43 | D49: yes | E49: No | F49: No | G49: 2 | H49: yes | K49: Id47 | L49: 33.63 | M49: =IF(L49<=18.5,"Underweight",IF(L49<=24.9,"Normal",IF(L49>=29.9,"OVERWEIGHT","OBESITY"))) -> OVERWEIGHT | N49: 4.43 | O49: =IF(N49<=5.7,"NORMAL",IF(N49<6.4,"PREDIABETES",IF(N49>=6.5,"DIABETES"))) -> NORMAL | P49: yes | Q49: No | R49: No | S49: 2 | T49: yes
A50: Id48 | B50: 40.37 | C50: 4.47 | D50: No | E50: No | F50: No | G50: No major surgery | H50: yes | K50: Id48 | L50: 40.37 | M50: =IF(L50<=18.5,"Underweight",IF(L50<=24.9,"Normal",IF(L50>=29.9,"OVERWEIGHT","OBESITY"))) -> OVERWEIGHT | N50: 4.47 | O50: =IF(N50<=5.7,"NORMAL",IF(N50<6.4,"PREDIABETES",IF(N50>=6.5,"DIABETES"))) -> NORMAL | P50: No | Q50: No | R50: No | S50: No major surgery | T50: yes
A51: Id49 | B51: 53.09 | C51: 4.82 | D51: yes | E51: No | F51: No | G51: 2 | H51: yes | K51: Id49 | L51: 53.09 | M51: =IF(L51<=18.5,"Underweight",IF(L51<=24.9,"Normal",IF(L51>=29.9,"OVERWEIGHT","OBESITY"))) -> OVERWEIGHT | N51: 4.82 | O51: =IF(N51<=5.7,"NORMAL",IF(N51<6.4,"PREDIABETES",IF(N51>=6.5,"DIABETES"))) -> NORMAL | P51: yes | Q51: No | R51: No | S51: 2 | T51: yes
A52: Id50 | B52: 31.79 | C52: 5.51 | D52: yes | E52: No | F52: No | G52: 2 | H52: yes | K52: Id50 | L52: 31.79 | M52: =IF(L52<=18.5,"Underweight",IF(L52<=24.9,"Normal",IF(L52>=29.9,"OVERWEIGHT","OBESITY"))) -> OVERWEIGHT | N52: 5.51 | O52: =IF(N52<=5.7,"NORMAL",IF(N52<6.4,"PREDIABETES",IF(N52>=6.5,"DIABETES"))) -> NORMAL | P52: yes | Q52: No | R52: No | S52: 2 | T52: yes
A53: Id51 | B53: 41.895 | C53: 10.87 | D53: yes | E53: No | F53: No | G53: 1 | H53: yes | K53: Id51 | L53: 41.895 | M53: =IF(L53<=18.5,"Underweight",IF(L53<=24.9,"Normal",IF(L53>=29.9,"OVERWEIGHT","OBESITY"))) -> OVERWEIGHT | N53: 10.87 | O53: =IF(N53<=5.7,"NORMAL",IF(N53<6.4,"PREDIABETES",IF(N53>=6.5,"DIABETES"))) -> DIABETES | P53: yes | Q53: No | R53: No | S53: 1 | T53: yes
A54: Id52 | B54: 31.16 | C54: 9.34 | D54: No | E54: No | F54: No | G54: No major surgery | H54: yes | K54: Id52 | L54: 31.16 | M54: =IF(L54<=18.5,"Underweight",IF(L54<=24.9,"Normal",IF(L54>=29.9,"OVERWEIGHT","OBESITY"))) -> OVERWEIGHT | N54: 9.34 | O54: =IF(N54<=5.7,"NORMAL",IF(N54<6.4,"PREDIABETES",IF(N54>=6.5,"DIABETES"))) -> DIABETES | P54: No | Q54: No | R54: No | S54: No major surgery | T54: yes
A55: Id53 | B55: 34.105 | C55: 5.03 | D55: yes | E55: No | F55: Yes | G55: 1 | H55: yes | K55: Id53 | L55: 34.105 | M55: =IF(L55<=18.5,"Underweight",IF(L55<=24.9,"Normal",IF(L55>=29.9,"OVERWEIGHT","OBESITY"))) -> OVERWEIGHT | N55: 5.03 | O55: =IF(N55<=5.7,"NORMAL",IF(N55<6.4,"PREDIABETES",IF(N55>=6.5,"DIABETES"))) -> NORMAL | P55: yes | Q55: No | R55: Yes | S55: 1 | T55: yes
A56: Id54 | B56: 51.93 | C56: 11.05 | D56: No | E56: No | F56: No | G56: No major surgery | H56: yes | K56: Id54 | L56: 51.93 | M56: =IF(L56<=18.5,"Underweight",IF(L56<=24.9,"Normal",IF(L56>=29.9,"OVERWEIGHT","OBESITY"))) -> OVERWEIGHT | N56: 11.05 | O56: =IF(N56<=5.7,"NORMAL",IF(N56<6.4,"PREDIABETES",IF(N56>=6.5,"DIABETES"))) -> DIABETES | P56: No | Q56: No | R56: No | S56: No major surgery | T56: yes
A57: Id55 | B57: 38.95 | C57: 11.95 | D57: No | E57: No | F57: No | G57: No major surgery | H57: yes | K57: Id55 | L57: 38.95 | M57: =IF(L57<=18.5,"Underweight",IF(L57<=24.9,"Normal",IF(L57>=29.9,"OVERWEIGHT","OBESITY"))) -> OVERWEIGHT | N57: 11.95 | O57: =IF(N57<=5.7,"NORMAL",IF(N57<6.4,"PREDIABETES",IF(N57>=6.5,"DIABETES"))) -> DIABETES | P57: No | Q57: No | R57: No | S57: No major surgery | T57: yes
A58: Id56 | B58: 36.63 | C58: 7.72 | D58: yes | E58: No | F58: No | G58: 1 | H58: yes | K58: Id56 | L58: 36.63 | M58: =IF(L58<=18.5,"Underweight",IF(L58<=24.9,"Normal",IF(L58>=29.9,"OVERWEIGHT","OBESITY"))) -> OVERWEIGHT | N58: 7.72 | O58: =IF(N58<=5.7,"NORMAL",IF(N58<6.4,"PREDIABETES",IF(N58>=6.5,"DIABETES"))) -> DIABETES | P58: yes | Q58: No | R58: No | S58: 1 | T58: yes
A59: Id57 | B59: 34.2 | C59: 5.75 | D59: No | E59: No | F59: No | G59: 2 | H59: yes | K59: Id57 | L59: 34.2 | M59: =IF(L59<=18.5,"Underweight",IF(L59<=24.9,"Normal",IF(L59>=29.9,"OVERWEIGHT","OBESITY"))) -> OVERWEIGHT | N59: 5.75 | O59: =IF(N59<=5.7,"NORMAL",IF(N59<6.4,"PREDIABETES",IF(N59>=6.5,"DIABETES"))) -> PREDIABETES | P59: No | Q59: No | R59: No | S59: 2 | T59: yes
A60: Id58 | B60: 50.63 | C60: 11.89 | D60: No | E60: No | F60: No | G60: No major surgery | H60: yes | K60: Id58 | L60: 50.63 | M60: =IF(L60<=18.5,"Underweight",IF(L60<=24.9,"Normal",IF(L60>=29.9,"OVERWEIGHT","OBESITY"))) -> OVERWEIGHT | N60: 11.89 | O60: =IF(N60<=5.7,"NORMAL",IF(N60<6.4,"PREDIABETES",IF(N60>=6.5,"DIABETES"))) -> DIABETES | P60: No | Q60: No | R60: No | S60: No major surgery | T60: yes
A61: Id59 | B61: 36.48 | C61: 6.2 | D61: No | E61: No | F61: No | G61: No major surgery | H61: yes | K61: Id59 | L61: 36.48 | M61: =IF(L61<=18.5,"Underweight",IF(L61<=24.9,"Normal",IF(L61>=29.9,"OVERWEIGHT","OBESITY"))) -> OVERWEIGHT | N61: 6.2 | O61: =IF(N61<=5.7,"NORMAL",IF(N61<6.4,"PREDIABETES",IF(N61>=6.5,"DIABETES"))) -> PREDIABETES | P61: No | Q61: No | R61: No | S61: No major surgery | T61: yes
A62: Id60 | B62: 54.82 | C62: 10.61 | D62: No | E62: No | F62: No | G62: No major surgery | H62: yes | K62: Id60 | L62: 54.82 | M62: =IF(L62<=18.5,"Underweight",IF(L62<=24.9,"Normal",IF(L62>=29.9,"OVERWEIGHT","OBESITY"))) -> OVERWEIGHT | N62: 10.61 | O62: =IF(N62<=5.7,"NORMAL",IF(N62<6.4,"PREDIABETES",IF(N62>=6.5,"DIABETES"))) -> DIABETES | P62: No | Q62: No | R62: No | S62: No major surgery | T62: yes
A63: Id61 | B63: 38.06 | C63: 6.04 | D63: No | E63: No | F63: Yes | G63: 1 | H63: yes | K63: Id61 | L63: 38.06 | M63: =IF(L63<=18.5,"Underweight",IF(L63<=24.9,"Normal",IF(L63>=29.9,"OVERWEIGHT","OBESITY"))) -> OVERWEIGHT | N63: 6.04 | O63: =IF(N63<=5.7,"NORMAL",IF(N63<6.4,"PREDIABETES",IF(N63>=6.5,"DIABETES"))) -> PREDIABETES | P63: No | Q63: No | R63: Yes | S63: 1 | T63: yes
A64: Id62 | B64: 51.48 | C64: 9.33 | D64: yes | E64: No | F64: No | G64: No major surgery | H64: yes | K64: Id62 | L64: 51.48 | M64: =IF(L64<=18.5,"Underweight",IF(L64<=24.9,"Normal",IF(L64>=29.9,"OVERWEIGHT","OBESITY"))) -> OVERWEIGHT | N64: 9.33 | O64: =IF(N64<=5.7,"NORMAL",IF(N64<6.4,"PREDIABETES",IF(N64>=6.5,"DIABETES"))) -> DIABETES | P64: yes | Q64: No | R64: No | S64: No major surgery | T64: yes
A65: Id63 | B65: 52.06 | C65: 11.47 | D65: No | E65: No | F65: No | G65: No major surgery | H65: yes | K65: Id63 | L65: 52.06 | M65: =IF(L65<=18.5,"Underweight",IF(L65<=24.9,"Normal",IF(L65>=29.9,"OVERWEIGHT","OBESITY"))) -> OVERWEIGHT | N65: 11.47 | O65: =IF(N65<=5.7,"NORMAL",IF(N65<6.4,"PREDIABETES",IF(N65>=6.5,"DIABETES"))) -> DIABETES | P65: No | Q65: No | R65: No | S65: No major surgery | T65: yes
A66: Id64 | B66: 30.685 | C66: 7.02 | D66: yes | E66: No | F66: No | G66: No major surgery | H66: yes | K66: Id64 | L66: 30.685 | M66: =IF(L66<=18.5,"Underweight",IF(L66<=24.9,"Normal",IF(L66>=29.9,"OVERWEIGHT","OBESITY"))) -> OVERWEIGHT | N66: 7.02 | O66: =IF(N66<=5.7,"NORMAL",IF(N66<6.4,"PREDIABETES",IF(N66>=6.5,"DIABETES"))) -> DIABETES | P66: yes | Q66: No | R66: No | S66: No major surgery | T66: yes
A67: Id65 | B67: 36.08 | C67: 8.8 | D67: yes | E67: No | F67: No | G67: 1 | H67: yes | K67: Id65 | L67: 36.08 | M67: =IF(L67<=18.5,"Underweight",IF(L67<=24.9,"Normal",IF(L67>=29.9,"OVERWEIGHT","OBESITY"))) -> OVERWEIGHT | N67: 8.8 | O67: =IF(N67<=5.7,"NORMAL",IF(N67<6.4,"PREDIABETES",IF(N67>=6.5,"DIABETES"))) -> DIABETES | P67: yes | Q67: No | R67: No | S67: 1 | T67: yes
A68: Id66 | B68: 54.99 | C68: 8.68 | D68: No | E68: No | F68: No | G68: 2 | H68: yes | K68: Id66 | L68: 54.99 | M68: =IF(L68<=18.5,"Underweight",IF(L68<=24.9,"Normal",IF(L68>=29.9,"OVERWEIGHT","OBESITY"))) -> OVERWEIGHT | N68: 8.68 | O68: =IF(N68<=5.7,"NORMAL",IF(N68<6.4,"PREDIABETES",IF(N68>=6.5,"DIABETES"))) -> DIABETES | P68: No | Q68: No | R68: No | S68: 2 | T68: yes
A69: Id67 | B69: 35.97 | C69: 6.12 | D69: No | E69: No | F69: Yes | G69: 1 | H69: yes | K69: Id67 | L69: 35.97 | M69: =IF(L69<=18.5,"Underweight",IF(L69<=24.9,"Normal",IF(L69>=29.9,"OVERWEIGHT","OBESITY"))) -> OVERWEIGHT | N69: 6.12 | O69: =IF(N69<=5.7,"NORMAL",IF(N69<6.4,"PREDIABETES",IF(N69>=6.5,"DIABETES"))) -> PREDIABETES | P69: No | Q69: No | R69: Yes | S69: 1 | T69: yes
A70: Id68 | B70: 45.54 | C70: 5.4 | D70: yes | E70: No | F70: Yes | G70: 1 | H70: yes | K70: Id68 | L70: 45.54 | M70: =IF(L70<=18.5,"Underweight",IF(L70<=24.9,"Normal",IF(L70>=29.9,"OVERWEIGHT","OBESITY"))) -> OVERWEIGHT | N70: 5.4 | O70: =IF(N70<=5.7,"NORMAL",IF(N70<6.4,"PREDIABETES",IF(N70>=6.5,"DIABETES"))) -> NORMAL | P70: yes | Q70: No | R70: Yes | S70: 1 | T70: yes
A71: Id69 | B71: 35.53 | C71: 4.36 | D71: yes | E71: No | F71: No | G71: No major surgery | H71: yes | K71: Id69 | L71: 35.53 | M71: =IF(L71<=18.5,"Underweight",IF(L71<=24.9,"Normal",IF(L71>=29.9,"OVERWEIGHT","OBESITY"))) -> OVERWEIGHT | N71: 4.36 | O71: =IF(N71<=5.7,"NORMAL",IF(N71<6.4,"PREDIABETES",IF(N71>=6.5,"DIABETES"))) -> NORMAL | P71: yes | Q71: No | R71: No | S71: No major surgery | T71: yes
A72: Id70 | B72: 30.8 | C72: 9.77 | D72: No | E72: No | F72: No | G72: No major surgery | H72: yes | K72: Id70 | L72: 30.8 | M72: =IF(L72<=18.5,"Underweight",IF(L72<=24.9,"Normal",IF(L72>=29.9,"OVERWEIGHT","OBESITY"))) -> OVERWEIGHT | N72: 9.77 | O72: =IF(N72<=5.7,"NORMAL",IF(N72<6.4,"PREDIABETES",IF(N72>=6.5,"DIABETES"))) -> DIABETES | P72: No | Q72: No | R72: No | S72: No major surgery | T72: yes
A73: Id71 | B73: 38.39 | C73: 4.25 | D73: No | E73: No | F73: No | G73: 1 | H73: yes | K73: Id71 | L73: 38.39 | M73: =IF(L73<=18.5,"Underweight",IF(L73<=24.9,"Normal",IF(L73>=29.9,"OVERWEIGHT","OBESITY"))) -> OVERWEIGHT | N73: 4.25 | O73: =IF(N73<=5.7,"NORMAL",IF(N73<6.4,"PREDIABETES",IF(N73>=6.5,"DIABETES"))) -> NORMAL | P73: No | Q73: No | R73: No | S73: 1 | T73: yes
A74: Id72 | B74: 32.3 | C74: 4.76 | D74: No | E74: No | F74: No | G74: 2 | H74: yes | K74: Id72 | L74: 32.3 | M74: =IF(L74<=18.5,"Underweight",IF(L74<=24.9,"Normal",IF(L74>=29.9,"OVERWEIGHT","OBESITY"))) -> OVERWEIGHT | N74: 4.76 | O74: =IF(N74<=5.7,"NORMAL",IF(N74<6.4,"PREDIABETES",IF(N74>=6.5,"DIABETES"))) -> NORMAL | P74: No | Q74: No | R74: No | S74: 2 | T74: yes
A75: Id73 | B75: 48.8 | C75: 6.22 | D75: yes | E75: No | F75: No | G75: 2 | H75: yes | K75: Id73 | L75: 48.8 | M75: =IF(L75<=18.5,"Underweight",IF(L75<=24.9,"Normal",IF(L75>=29.9,"OVERWEIGHT","OBESITY"))) -> OVERWEIGHT | N75: 6.22 | O75: =IF(N75<=5.7,"NORMAL",IF(N75<6.4,"PREDIABETES",IF(N75>=6.5,"DIABETES"))) -> PREDIABETES | P75: yes | Q75: No | R75: No | S75: 2 | T75: yes
A76: Id74 | B76: 45.5 | C76: 7.96 | D76: No | E76: No | F76: No | G76: No major surgery | H76: yes | K76: Id74 | L76: 45.5 | M76: =IF(L76<=18.5,"Underweight",IF(L76<=24.9,"Normal",IF(L76>=29.9,"OVERWEIGHT","OBESITY"))) -> OVERWEIGHT | N76: 7.96 | O76: =IF(N76<=5.7,"NORMAL",IF(N76<6.4,"PREDIABETES",IF(N76>=6.5,"DIABETES"))) -> DIABETES | P76: No | Q76: No | R76: No | S76: No major surgery | T76: yes
A77: Id75 | B77: 53.61 | C77: 10.92 | D77: yes | E77: No | F77: No | G77: 1 | H77: yes | K77: Id75 | L77: 53.61 | M77: =IF(L77<=18.5,"Underweight",IF(L77<=24.9,"Normal",IF(L77>=29.9,"OVERWEIGHT","OBESITY"))) -> OVERWEIGHT | N77: 10.92 | O77: =IF(N77<=5.7,"NORMAL",IF(N77<6.4,"PREDIABETES",IF(N77>=6.5,"DIABETES"))) -> DIABETES | P77: yes | Q77: No | R77: No | S77: 1 | T77: yes
A78: Id76 | B78: 36.19 | C78: 11.51 | D78: yes | E78: No | F78: No | G78: 1 | H78: yes | K78: Id76 | L78: 36.19 | M78: =IF(L78<=18.5,"Underweight",IF(L78<=24.9,"Normal",IF(L78>=29.9,"OVERWEIGHT","OBESITY"))) -> OVERWEIGHT | N78: 11.51 | O78: =IF(N78<=5.7,"NORMAL",IF(N78<6.4,"PREDIABETES",IF(N78>=6.5,"DIABETES"))) -> DIABETES | P78: yes | Q78: No | R78: No | S78: 1 | T78: yes
A79: Id77 | B79: 34.6 | C79: 5.99 | D79: yes | E79: No | F79: No | G79: No major surgery | H79: yes | K79: Id77 | L79: 34.6 | M79: =IF(L79<=18.5,"Underweight",IF(L79<=24.9,"Normal",IF(L79>=29.9,"OVERWEIGHT","OBESITY"))) -> OVERWEIGHT | N79: 5.99 | O79: =IF(N79<=5.7,"NORMAL",IF(N79<6.4,"PREDIABETES",IF(N79>=6.5,"DIABETES"))) -> PREDIABETES | P79: yes | Q79: No | R79: No | S79: No major surgery | T79: yes
A80: Id78 | B80: 54.12 | C80: 11.57 | D80: No | E80: No | F80: No | G80: No major surgery | H80: yes | K80: Id78 | L80: 54.12 | M80: =IF(L80<=18.5,"Underweight",IF(L80<=24.9,"Normal",IF(L80>=29.9,"OVERWEIGHT","OBESITY"))) -> OVERWEIGHT | N80: 11.57 | O80: =IF(N80<=5.7,"NORMAL",IF(N80<6.4,"PREDIABETES",IF(N80>=6.5,"DIABETES"))) -> DIABETES | P80: No | Q80: No | R80: No | S80: No major surgery | T80: yes
A81: Id79 | B81: 48.82 | C81: 6.67 | D81: yes | E81: No | F81: No | G81: No major surgery | H81: yes | K81: Id79 | L81: 48.82 | M81: =IF(L81<=18.5,"Underweight",IF(L81<=24.9,"Normal",IF(L81>=29.9,"OVERWEIGHT","OBESITY"))) -> OVERWEIGHT | N81: 6.67 | O81: =IF(N81<=5.7,"NORMAL",IF(N81<6.4,"PREDIABETES",IF(N81>=6.5,"DIABETES"))) -> DIABETES | P81: yes | Q81: No | R81: No | S81: No major surgery | T81: yes
A82: Id80 | B82: 51.01 | C82: 9.2 | D82: No | E82: No | F82: No | G82: No major surgery | H82: yes | K82: Id80 | L82: 51.01 | M82: =IF(L82<=18.5,"Underweight",IF(L82<=24.9,"Normal",IF(L82>=29.9,"OVERWEIGHT","OBESITY"))) -> OVERWEIGHT | N82: 9.2 | O82: =IF(N82<=5.7,"NORMAL",IF(N82<6.4,"PREDIABETES",IF(N82>=6.5,"DIABETES"))) -> DIABETES | P82: No | Q82: No | R82: No | S82: No major surgery | T82: yes
A83: Id81 | B83: 45.65 | C83: 5.11 | D83: yes | E83: No | F83: No | G83: 1 | H83: yes | K83: Id81 | L83: 45.65 | M83: =IF(L83<=18.5,"Underweight",IF(L83<=24.9,"Normal",IF(L83>=29.9,"OVERWEIGHT","OBESITY"))) -> OVERWEIGHT | N83: 5.11 | O83: =IF(N83<=5.7,"NORMAL",IF(N83<6.4,"PREDIABETES",IF(N83>=6.5,"DIABETES"))) -> NORMAL | P83: yes | Q83: No | R83: No | S83: 1 | T83: yes
A84: Id82 | B84: 52.9 | C84: 5.34 | D84: No | E84: No | F84: No | G84: No major surgery | H84: yes | K84: Id82 | L84: 52.9 | M84: =IF(L84<=18.5,"Underweight",IF(L84<=24.9,"Normal",IF(L84>=29.9,"OVERWEIGHT","OBESITY"))) -> OVERWEIGHT | N84: 5.34 | O84: =IF(N84<=5.7,"NORMAL",IF(N84<6.4,"PREDIABETES",IF(N84>=6.5,"DIABETES"))) -> NORMAL | P84: No | Q84: No | R84: No | S84: No major surgery | T84: yes
A85: Id83 | B85: 45.41 | C85: 4.03 | D85: yes | E85: No | F85: No | G85: 1 | H85: yes | K85: Id83 | L85: 45.41 | M85: =IF(L85<=18.5,"Underweight",IF(L85<=24.9,"Normal",IF(L85>=29.9,"OVERWEIGHT","OBESITY"))) -> OVERWEIGHT | N85: 4.03 | O85: =IF(N85<=5.7,"NORMAL",IF(N85<6.4,"PREDIABETES",IF(N85>=6.5,"DIABETES"))) -> NORMAL | P85: yes | Q85: No | R85: No | S85: 1 | T85: yes
A86: Id84 | B86: 49.41 | C86: 4.23 | D86: yes | E86: No | F86: Yes | G86: 1 | H86: yes | K86: Id84 | L86: 49.41 | M86: =IF(L86<=18.5,"Underweight",IF(L86<=24.9,"Normal",IF(L86>=29.9,"OVERWEIGHT","OBESITY"))) -> OVERWEIGHT | N86: 4.23 | O86: =IF(N86<=5.7,"NORMAL",IF(N86<6.4,"PREDIABETES",IF(N86>=6.5,"DIABETES"))) -> NORMAL | P86: yes | Q86: No | R86: Yes | S86: 1 | T86: yes
A87: Id85 | B87: 31.825 | C87: 4.06 | D87: No | E87: No | F87: No | G87: 2 | H87: yes | K87: Id85 | L87: 31.825 | M87: =IF(L87<=18.5,"Underweight",IF(L87<=24.9,"Normal",IF(L87>=29.9,"OVERWEIGHT","OBESITY"))) -> OVERWEIGHT | N87: 4.06 | O87: =IF(N87<=5.7,"NORMAL",IF(N87<6.4,"PREDIABETES",IF(N87>=6.5,"DIABETES"))) -> NORMAL | P87: No | Q87: No | R87: No | S87: 2 | T87: yes
A88: Id86 | B88: 51.28 | C88: 4.68 | D88: No | E88: No | F88: No | G88: 2 | H88: yes | K88: Id86 | L88: 51.28 | M88: =IF(L88<=18.5,"Underweight",IF(L88<=24.9,"Normal",IF(L88>=29.9,"OVERWEIGHT","OBESITY"))) -> OVERWEIGHT | N88: 4.68 | O88: =IF(N88<=5.7,"NORMAL",IF(N88<6.4,"PREDIABETES",IF(N88>=6.5,"DIABETES"))) -> NORMAL | P88: No | Q88: No | R88: No | S88: 2 | T88: yes
A89: Id87 | B89: 34.96 | C89: 4.34 | D89: No | E89: No | F89: Yes | G89: 1 | H89: yes | K89: Id87 | L89: 34.96 | M89: =IF(L89<=18.5,"Underweight",IF(L89<=24.9,"Normal",IF(L89>=29.9,"OVERWEIGHT","OBESITY"))) -> OVERWEIGHT | N89: 4.34 | O89: =IF(N89<=5.7,"NORMAL",IF(N89<6.4,"PREDIABETES",IF(N89>=6.5,"DIABETES"))) -> NORMAL | P89: No | Q89: No | R89: Yes | S89: 1 | T89: yes
A90: Id88 | B90: 33.11 | C90: 10.51 | D90: No | E90: No | F90: No | G90: No major surgery | H90: yes | K90: Id88 | L90: 33.11 | M90: =IF(L90<=18.5,"Underweight",IF(L90<=24.9,"Normal",IF(L90>=29.9,"OVERWEIGHT","OBESITY"))) -> OVERWEIGHT | N90: 10.51 | O90: =IF(N90<=5.7,"NORMAL",IF(N90<6.4,"PREDIABETES",IF(N90>=6.5,"DIABETES"))) -> DIABETES | P90: No | Q90: No | R90: No | S90: No major surgery | T90: yes
A91: Id89 | B91: 54.74 | C91: 5.84 | D91: yes | E91: No | F91: Yes | G91: 1 | H91: yes | K91: Id89 | L91: 54.74 | M91: =IF(L91<=18.5,"Underweight",IF(L91<=24.9,"Normal",IF(L91>=29.9,"OVERWEIGHT","OBESITY"))) -> OVERWEIGHT | N91: 5.84 | O91: =IF(N91<=5.7,"NORMAL",IF(N91<6.4,"PREDIABETES",IF(N91>=6.5,"DIABETES"))) -> PREDIABETES | P91: yes | Q91: No | R91: Yes | S91: 1 | T91: yes
A92: Id90 | B92: 32.56 | C92: 5.41 | D92: No | E92: No | F92: Yes | G92: 1 | H92: yes | K92: Id90 | L92: 32.56 | M92: =IF(L92<=18.5,"Underweight",IF(L92<=24.9,"Normal",IF(L92>=29.9,"OVERWEIGHT","OBESITY"))) -> OVERWEIGHT | N92: 5.41 | O92: =IF(N92<=5.7,"NORMAL",IF(N92<6.4,"PREDIABETES",IF(N92>=6.5,"DIABETES"))) -> NORMAL | P92: No | Q92: No | R92: Yes | S92: 1 | T92: yes
A93: Id91 | B93: 39.05 | C93: 6.06 | D93: No | E93: No | F93: No | G93: 1 | H93: yes | K93: Id91 | L93: 39.05 | M93: =IF(L93<=18.5,"Underweight",IF(L93<=24.9,"Normal",IF(L93>=29.9,"OVERWEIGHT","OBESITY"))) -> OVERWEIGHT | N93: 6.06 | O93: =IF(N93<=5.7,"NORMAL",IF(N93<6.4,"PREDIABETES",IF(N93>=6.5,"DIABETES"))) -> PREDIABETES | P93: No | Q93: No | R93: No | S93: 1 | T93: yes
A94: Id92 | B94: 42.75 | C94: 4.22 | D94: No | E94: No | F94: No | G94: No major surgery | H94: yes | K94: Id92 | L94: 42.75 | M94: =IF(L94<=18.5,"Underweight",IF(L94<=24.9,"Normal",IF(L94>=29.9,"OVERWEIGHT","OBESITY"))) -> OVERWEIGHT | N94: 4.22 | O94: =IF(N94<=5.7,"NORMAL",IF(N94<6.4,"PREDIABETES",IF(N94>=6.5,"DIABETES"))) -> NORMAL | P94: No | Q94: No | R94: No | S94: No major surgery | T94: yes
A95: Id93 | B95: 50.58 | C95: 5.12 | D95: No | E95: No | F95: No | G95: 2 | H95: yes | K95: Id93 | L95: 50.58 | M95: =IF(L95<=18.5,"Underweight",IF(L95<=24.9,"Normal",IF(L95>=29.9,"OVERWEIGHT","OBESITY"))) -> OVERWEIGHT | N95: 5.12 | O95: =IF(N95<=5.7,"NORMAL",IF(N95<6.4,"PREDIABETES",IF(N95>=6.5,"DIABETES"))) -> NORMAL | P95: No | Q95: No | R95: No | S95: 2 | T95: yes
A96: Id94 | B96: 30.495 | C96: 4.57 | D96: yes | E96: No | F96: No | G96: No major surgery | H96: yes | K96: Id94 | L96: 30.495 | M96: =IF(L96<=18.5,"Underweight",IF(L96<=24.9,"Normal",IF(L96>=29.9,"OVERWEIGHT","OBESITY"))) -> OVERWEIGHT | N96: 4.57 | O96: =IF(N96<=5.7,"NORMAL",IF(N96<6.4,"PREDIABETES",IF(N96>=6.5,"DIABETES"))) -> NORMAL | P96: yes | Q96: No | R96: No | S96: No major surgery | T96: yes
A97: Id95 | B97: 48.31 | C97: 9.58 | D97: yes | E97: No | F97: No | G97: 2 | H97: yes | K97: Id95 | L97: 48.31 | M97: =IF(L97<=18.5,"Underweight",IF(L97<=24.9,"Normal",IF(L97>=29.9,"OVERWEIGHT","OBESITY"))) -> OVERWEIGHT | N97: 9.58 | O97: =IF(N97<=5.7,"NORMAL",IF(N97<6.4,"PREDIABETES",IF(N97>=6.5,"DIABETES"))) -> DIABETES | P97: yes | Q97: No | R97: No | S97: 2 | T97: yes
A98: Id96 | B98: 48.99 | C98: 9.78 | D98: yes | E98: No | F98: No | G98: 1 | H98: yes | K98: Id96 | L98: 48.99 | M98: =IF(L98<=18.5,"Underweight",IF(L98<=24.9,"Normal",IF(L98>=29.9,"OVERWEIGHT","OBESITY"))) -> OVERWEIGHT | N98: 9.78 | O98: =IF(N98<=5.7,"NORMAL",IF(N98<6.4,"PREDIABETES",IF(N98>=6.5,"DIABETES"))) -> DIABETES | P98: yes | Q98: No | R98: No | S98: 1 | T98: yes
A99: Id97 | B99: 38.39 | C99: 4.11 | D99: yes | E99: No | F99: No | G99: No major surgery | H99: yes | K99: Id97 | L99: 38.39 | M99: =IF(L99<=18.5,"Underweight",IF(L99<=24.9,"Normal",IF(L99>=29.9,"OVERWEIGHT","OBESITY"))) -> OVERWEIGHT | N99: 4.11 | O99: =IF(N99<=5.7,"NORMAL",IF(N99<6.4,"PREDIABETES",IF(N99>=6.5,"DIABETES"))) -> NORMAL | P99: yes | Q99: No | R99: No | S99: No major surgery | T99: yes
A100: Id98 | B100: 44.34 | C100: 4.02 | D100: yes | E100: No | F100: No | G100: 2 | H100: yes | K100: Id98 | L100: 44.34 | M100: =IF(L100<=18.5,"Underweight",IF(L100<=24.9,"Normal",IF(L100>=29.9,"OVERWEIGHT","OBESITY"))) -> OVERWEIGHT | N100: 4.02 | O100: =IF(N100<=5.7,"NORMAL",IF(N100<6.4,"PREDIABETES",IF(N100>=6.5,"DIABETES"))) -> NORMAL | P100: yes | Q100: No | R100: No | S100: 2 | T100: yes
...

Sheet HOSPITALIZATION DETAILS
A1: ORIGINAL DATA | L1: FINDING NULL AND REPLACED | X1: Merging and inserting a new column
A2: Customer ID | B2: year | C2: month | D2: date | E2: children | F2: charges | G2: Hospital tier | H2: City tier | I2: State ID | L2: Customer ID | M2: year | N2: month | O2: date | P2: children | Q2: charges | R2: Hospital tier | S2: City tier | T2: State ID | X2: Customer ID | Y2: Merged column | Z2: children | AA2: charges | AB2: Hospital tier | AC2: City tier | AD2: State ID | AE2: Date of birth | AF2: date of collection of dataset | AG2: Age
A3: Id2335 | B3: 1992 | C3: Jul | D3: 9 | E3: 0 | F3: 563.84 | G3: tier - 2 | H3: tier - 3 | I3: R1013 | L3: Id1 | M3: 1968 | N3: Oct | O3: 12 | P3: 0 | Q3: 63770.43 | R3: tier - 1 | S3: tier - 3 | T3: R1013 | X3: Id1 | Y3: =_xlfn.CONCAT(O3,"- ",N3,"- ",M3) -> 12- Oct- 1968 | Z3: 0 | AA3: 63770.43 | AB3: tier - 1 | AC3: tier - 3 | AD3: R1013 | AE3: =TEXT(Y3,"dd/mm/yyyy") -> 12/10/1968 | AF3: 45085 | AG3: =DATEDIF(AE3,AF3,"y") -> 54
A4: Id2334 | B4: 1992 | C4: Nov | D4: 30 | E4: 0 | F4: 570.62 | G4: tier - 2 | H4: tier - 1 | I4: R1013 | L4: Id10 | M4: 1978 | N4: Dec | O4: 29 | P4: 0 | Q4: 48885.14 | R4: tier - 1 | S4: tier - 2 | T4: R1013 | X4: Id2 | Y4: =_xlfn.CONCAT(O4,"- ",N4,"- ",M4) -> 29- Dec- 1978 | Z4: 0 | AA4: 48885.14 | AB4: tier - 1 | AC4: tier - 2 | AD4: R1013 | AE4: =TEXT(Y4,"dd/mm/yyyy") -> 29/12/1978 | AF4: 45085 | AG4: =DATEDIF(AE4,AF4,"y") -> 44
A5: Id2333 | B5: 1993 | C5: Jun | D5: 30 | E5: 0 | F5: 600 | G5: tier - 2 | H5: tier - 1 | I5: R1013 | L5: Id100 | M5: 1977 | N5: Jun | O5: 27 | P5: 2 | Q5: 40284.38 | R5: tier - 1 | S5: tier - 3 | T5: R1012 | X5: Id3 | Y5: =_xlfn.CONCAT(O5,"- ",N5,"- ",M5) -> 27- Jun- 1977 | Z5: 2 | AA5: 40284.38 | AB5: tier - 1 | AC5: tier - 3 | AD5: R1012 | AE5: =TEXT(Y5,"dd/mm/yyyy") -> 27/06/1977 | AF5: 45085 | AG5: =DATEDIF(AE5,AF5,"y") -> 45
A6: Id2332 | B6: 1992 | C6: Sep | D6: 13 | E6: 0 | F6: 604.54 | G6: tier - 3 | H6: tier - 3 | I6: R1013 | L6: Id1000 | M6: 1989 | N6: Dec | O6: 17 | P6: 3 | Q6: 11250.43 | R6: tier - 3 | S6: tier - 2 | T6: R1026 | X6: Id4 | Y6: =_xlfn.CONCAT(O6,"- ",N6,"- ",M6) -> 17- Dec- 1989 | Z6: 3 | AA6: 11250.43 | AB6: tier - 3 | AC6: tier - 2 | AD6: R1026 | AE6: =TEXT(Y6,"dd/mm/yyyy") -> 17/12/1989 | AF6: 45085 | AG6: =DATEDIF(AE6,AF6,"y") -> 33
A7: Id2331 | B7: 1998 | C7: Jul | D7: 27 | E7: 0 | F7: 637.26 | G7: tier - 3 | H7: tier - 3 | I7: R1013 | L7: Id1001 | M7: 1969 | N7: Dec | O7: 30 | P7: 2 | Q7: 11244.38 | R7: tier - 3 | S7: tier - 1 | T7: R1016 | X7: Id5 | Y7: =_xlfn.CONCAT(O7,"- ",N7,"- ",M7) -> 30- Dec- 1969 | Z7: 2 | AA7: 11244.38 | AB7: tier - 3 | AC7: tier - 1 | AD7: R1016 | AE7: =TEXT(Y7,"dd/mm/yyyy") -> 30/12/1969 | AF7: 45085 | AG7: =DATEDIF(AE7,AF7,"y") -> 53
A8: Id2330 | B8: 2001 | C8: Nov | D8: 20 | E8: 0 | F8: 646.14 | G8: tier - 3 | H8: tier - 3 | I8: R1012 | L8: Id1002 | M8: 1976 | N8: Jun | O8: 28 | P8: 2 | Q8: 11217.35 | R8: tier - 3 | S8: tier - 2 | T8: R1025 | X8: Id6 | Y8: =_xlfn.CONCAT(O8,"- ",N8,"- ",M8) -> 28- Jun- 1976 | Z8: 2 | AA8: 11217.35 | AB8: tier - 3 | AC8: tier - 2 | AD8: R1025 | AE8: =TEXT(Y8,"dd/mm/yyyy") -> 28/06/1976 | AF8: 45085 | AG8: =DATEDIF(AE8,AF8,"y") -> 46
A9: Id2329 | B9: 1993 | C9: Jun | D9: 1 | E9: 0 | F9: 650 | G9: tier - 3 | H9: tier - 3 | I9: R1013 | L9: Id1003 | M9: 1970 | N9: Jun | O9: 14 | P9: 2 | Q9: 11187.66 | R9: tier - 3 | S9: tier - 2 | T9: R1012 | X9: Id7 | Y9: =_xlfn.CONCAT(O9,"- ",N9,"- ",M9) -> 14- Jun- 1970 | Z9: 2 | AA9: 11187.66 | AB9: tier - 3 | AC9: tier - 2 | AD9: R1012 | AE9: =TEXT(Y9,"dd/mm/yyyy") -> 14/06/1970 | AF9: 45085 | AG9: =DATEDIF(AE9,AF9,"y") -> 52
A10: Id2328 | B10: 1995 | C10: Jul | D10: 4 | E10: 0 | F10: 650 | G10: tier - 3 | H10: tier - 3 | I10: R1013 | L10: Id1004 | M10: 1972 | N10: Sep | O10: 3 | P10: 0 | Q10: 11186.2 | R10: tier - 3 | S10: tier - 2 | T10: R1021 | X10: Id8 | Y10: =_xlfn.CONCAT(O10,"- ",N10,"- ",M10) -> 3- Sep- 1972 | Z10: 0 | AA10: 11186.2 | AB10: tier - 3 | AC10: tier - 2 | AD10: R1021 | AE10: =TEXT(Y10,"dd/mm/yyyy") -> 03/09/1972 | AF10: 45085 | AG10: =DATEDIF(AE10,AF10,"y") -> 50
A11: Id2327 | B11: 2002 | C11: Nov | D11: 29 | E11: 0 | F11: 668 | G11: tier - 3 | H11: tier - 2 | I11: R1012 | L11: Id1005 | M11: 1966 | N11: Aug | O11: 6 | P11: 0 | Q11: 11165.42 | R11: tier - 3 | S11: tier - 1 | T11: R1016 | X11: Id9 | Y11: =_xlfn.CONCAT(O11,"- ",N11,"- ",M11) -> 6- Aug- 1966 | Z11: 0 | AA11: 11165.42 | AB11: tier - 3 | AC11: tier - 1 | AD11: R1016 | AE11: =TEXT(Y11,"dd/mm/yyyy") -> 06/08/1966 | AF11: 45085 | AG11: =DATEDIF(AE11,AF11,"y") -> 56
A12: Id2326 | B12: 1997 | C12: Nov | D12: 9 | E12: 0 | F12: 670 | G12: tier - 3 | H12: tier - 3 | I12: R1013 | L12: Id1006 | M12: 1969 | N12: Jun | O12: 25 | P12: 2 | Q12: 11163.57 | R12: tier - 3 | S12: tier - 2 | T12: R1011 | X12: Id10 | Y12: =_xlfn.CONCAT(O12,"- ",N12,"- ",M12) -> 25- Jun- 1969 | Z12: 2 | AA12: 11163.57 | AB12: tier - 3 | AC12: tier - 2 | AD12: R1011 | AE12: =TEXT(Y12,"dd/mm/yyyy") -> 25/06/1969 | AF12: 45085 | AG12: =DATEDIF(AE12,AF12,"y") -> 53
A13: Id2325 | B13: 2001 | C13: Sep | D13: 12 | E13: 0 | F13: 687.54 | G13: tier - 3 | H13: tier - 2 | I13: R1013 | L13: Id1007 | M13: 1969 | N13: Nov | O13: 30 | P13: 2 | Q13: 11150.78 | R13: tier - 3 | S13: tier - 2 | T13: R1011 | X13: Id11 | Y13: =_xlfn.CONCAT(O13,"- ",N13,"- ",M13) -> 30- Nov- 1969 | Z13: 2 | AA13: 11150.78 | AB13: tier - 3 | AC13: tier - 2 | AD13: R1011 | AE13: =TEXT(Y13,"dd/mm/yyyy") -> 30/11/1969 | AF13: 45085 | AG13: =DATEDIF(AE13,AF13,"y") -> 53
A14: Id2324 | B14: 1999 | C14: Dec | D14: 26 | E14: 0 | F14: 700 | G14: ? | H14: tier - 3 | I14: R1013 | L14: Id1008 | M14: 1980 | N14: Aug | O14: 20 | P14: 2 | Q14: 11103.33 | R14: tier - 3 | S14: tier - 1 | T14: R1021 | X14: Id12 | Y14: =_xlfn.CONCAT(O14,"- ",N14,"- ",M14) -> 20- Aug- 1980 | Z14: 2 | AA14: 11103.33 | AB14: tier - 3 | AC14: tier - 1 | AD14: R1021 | AE14: =TEXT(Y14,"dd/mm/yyyy") -> 20/08/1980 | AF14: 45085 | AG14: =DATEDIF(AE14,AF14,"y") -> 42
... A1051: Id1290 | B1051: 1977 | C1051: Jul | D1051: 26 | E1051: 2 | F1051: 8527.53 | G1051: tier - 2 | H1051: tier - 2 | I1051: R1013 | L1051: Id1942 | M1051: 2003 | N1051: Jul | O1051: 10 | P1051: 0 | Q1051: 3688.35 | R1051: tier - 2 | S1051: tier - 2 | T1051: R1021 | X1051: Id1049 | Y1051: =_xlfn.CONCAT(O1051,"- ",N1051,"- ",M1051) -> 10- Jul- 2003 | Z1051: 0 | AA1051: 3688.35 | AB1051: tier - 2 | AC1051: tier - 2 | AD1051: R1021 | AE1051: =TEXT(Y1051,"dd/mm/yyyy") -> 10/07/2003 | AF1051: 45085 | AG1051: =DATEDIF(AE1051,AF1051,"y") -> 19
A1052: Id1289 | B1052: ? | C1052: Jul | D1052: 24 | E1052: 0 | F1052: 8534.67 | G1052: tier - 2 | H1052: tier - 3 | I1052: R1024 | L1052: Id1943 | M1052: 1984 | N1052: Jul | O1052: 6 | P1052: 3 | Q1052: 3678.86 | R1052: tier - 2 | S1052: tier - 3 | T1052: R1013 | X1052: Id1050 | Y1052: =_xlfn.CONCAT(O1052,"- ",N1052,"- ",M1052) -> 6- Jul- 1984 | Z1052: 3 | AA1052: 3678.86 | AB1052: tier - 2 | AC1052: tier - 3 | AD1052: R1013 | AE1052: =TEXT(Y1052,"dd/mm/yyyy") -> 06/07/1984 | AF1052: 45085 | AG1052: =DATEDIF(AE1052,AF1052,"y") -> 38
A1053: Id1288 | B1053: 1981 | C1053: Dec | D1053: 27 | E1053: 3 | F1053: 8538.29 | G1053: tier - 2 | H1053: tier - 3 | I1053: R1024 | L1053: Id1944 | M1053: 1992 | N1053: Sep | O1053: 14 | P1053: 1 | Q1053: 3659.35 | R1053: tier - 3 | S1053: tier - 1 | T1053: R1011 | X1053: Id1051 | Y1053: =_xlfn.CONCAT(O1053,"- ",N1053,"- ",M1053) -> 14- Sep- 1992 | Z1053: 1 | AA1053: 3659.35 | AB1053: tier - 3 | AC1053: tier - 1 | AD1053: R1011 | AE1053: =TEXT(Y1053,"dd/mm/yyyy") -> 14/09/1992 | AF1053: 45085 | AG1053: =DATEDIF(AE1053,AF1053,"y") -> 30
A1054: Id1287 | B1054: 1975 | C1054: Nov | D1054: 6 | E1054: 1 | F1054: 8539.67 | G1054: tier - 2 | H1054: tier - 3 | I1054: R1011 | L1054: Id1945 | M1054: 1990 | N1054: Nov | O1054: 8 | P1054: 3 | Q1054: 3653.29 | R1054: tier - 2 | S1054: tier - 3 | T1054: R1011 | X1054: Id1052 | Y1054: =_xlfn.CONCAT(O1054,"- ",N1054,"- ",M1054) -> 8- Nov- 1990 | Z1054: 3 | AA1054: 3653.29 | AB1054: tier - 2 | AC1054: tier - 3 | AD1054: R1011 | AE1054: =TEXT(Y1054,"dd/mm/yyyy") -> 08/11/1990 | AF1054: 45085 | AG1054: =DATEDIF(AE1054,AF1054,"y") -> 32
A1055: Id1286 | B1055: ? | C1055: Dec | D1055: 12 | E1055: 1 | F1055: 8547.69 | G1055: tier - 2 | H1055: tier - 1 | I1055: R1013 | L1055: Id1946 | M1055: 1992 | N1055: Nov | O1055: 17 | P1055: 0 | Q1055: 3645.09 | R1055: tier - 1 | S1055: tier - 2 | T1055: R1014 | X1055: Id1053 | Y1055: =_xlfn.CONCAT(O1055,"- ",N1055,"- ",M1055) -> 17- Nov- 1992 | Z1055: 0 | AA1055: 3645.09 | AB1055: tier - 1 | AC1055: tier - 2 | AD1055: R1014 | AE1055: =TEXT(Y1055,"dd/mm/yyyy") -> 17/11/1992 | AF1055: 45085 | AG1055: =DATEDIF(AE1055,AF1055,"y") -> 30
A1056: Id1285 | B1056: 1975 | C1056: Aug | D1056: 6 | E1056: 1 | F1056: 8551.35 | G1056: tier - 2 | H1056: tier - 2 | I1056: R1011 | L1056: Id1947 | M1056: 1985 | N1056: Jun | O1056: 14 | P1056: 3 | Q1056: 3622.13 | R1056: tier - 2 | S1056: tier - 1 | T1056: R1013 | X1056: Id1054 | Y1056: =_xlfn.CONCAT(O1056,"- ",N1056,"- ",M1056) -> 14- Jun- 1985 | Z1056: 3 | AA1056: 3622.13 | AB1056: tier - 2 | AC1056: tier - 1 | AD1056: R1013 | AE1056: =TEXT(Y1056,"dd/mm/yyyy") -> 14/06/1985 | AF1056: 45085 | AG1056: =DATEDIF(AE1056,AF1056,"y") -> 37
A1057: Id1284 | B1057: 1975 | C1057: Aug | D1057: 21 | E1057: 1 | F1057: 8556.91 | G1057: tier - 2 | H1057: tier - 1 | I1057: R1011 | L1057: Id1948 | M1057: 1990 | N1057: Oct | O1057: 11 | P1057: 3 | Q1057: 3606.43 | R1057: tier - 2 | S1057: tier - 1 | T1057: R1013 | X1057: Id1055 | Y1057: =_xlfn.CONCAT(O1057,"- ",N1057,"- ",M1057) -> 11- Oct- 1990 | Z1057: 3 | AA1057: 3606.43 | AB1057: tier - 2 | AC1057: tier - 1 | AD1057: R1013 | AE1057: =TEXT(Y1057,"dd/mm/yyyy") -> 11/10/1990 | AF1057: 45085 | AG1057: =DATEDIF(AE1057,AF1057,"y") -> 32
A1058: Id1283 | B1058: 1988 | C1058: Sep | D1058: 21 | E1058: 3 | F1058: 8567.25 | G1058: tier - 2 | H1058: tier - 1 | I1058: R1012 | L1058: Id1949 | M1058: 1988 | N1058: Nov | O1058: 4 | P1058: 3 | Q1058: 3603.6 | R1058: tier - 2 | S1058: tier - 1 | T1058: R1013 | X1058: Id1056 | Y1058: =_xlfn.CONCAT(O1058,"- ",N1058,"- ",M1058) -> 4- Nov- 1988 | Z1058: 3 | AA1058: 3603.6 | AB1058: tier - 2 | AC1058: tier - 1 | AD1058: R1013 | AE1058: =TEXT(Y1058,"dd/mm/yyyy") -> 04/11/1988 | AF1058: 45085 | AG1058: =DATEDIF(AE1058,AF1058,"y") -> 34
A1059: Id1282 | B1059: 1975 | C1059: Sep | D1059: 26 | E1059: 1 | F1059: 8569.86 | G1059: tier - 2 | H1059: tier - 3 | I1059: R1013 | L1059: Id195 | M1059: 2003 | N1059: Sep | O1059: 5 | P1059: 0 | Q1059: 36219.41 | R1059: tier - 1 | S1059: tier - 1 | T1059: R1012 | X1059: Id1057 | Y1059: =_xlfn.CONCAT(O1059,"- ",N1059,"- ",M1059) -> 5- Sep- 2003 | Z1059: 0 | AA1059: 36219.41 | AB1059: tier - 1 | AC1059: tier - 1 | AD1059: R1012 | AE1059: =TEXT(Y1059,"dd/mm/yyyy") -> 05/09/2003 | AF1059: 45085 | AG1059: =DATEDIF(AE1059,AF1059,"y") -> 19
A1060: Id1281 | B1060: 1982 | C1060: Dec | D1060: 6 | E1060: 3 | F1060: 8572.04 | G1060: tier - 2 | H1060: tier - 2 | I1060: R1021 | L1060: Id1950 | M1060: 1999 | N1060: Aug | O1060: 12 | P1060: 3 | Q1060: 3597.6 | R1060: tier - 2 | S1060: tier - 2 | T1060: R1011 | X1060: Id1058 | Y1060: =_xlfn.CONCAT(O1060,"- ",N1060,"- ",M1060) -> 12- Aug- 1999 | Z1060: 3 | AA1060: 3597.6 | AB1060: tier - 2 | AC1060: tier - 2 | AD1060: R1011 | AE1060: =TEXT(Y1060,"dd/mm/yyyy") -> 12/08/1999 | AF1060: 45085 | AG1060: =DATEDIF(AE1060,AF1060,"y") -> 23
A1061: Id1280 | B1061: 1987 | C1061: Nov | D1061: 11 | E1061: 3 | F1061: 8573.3 | G1061: tier - 2 | H1061: tier - 2 | I1061: R1021 | L1061: Id1951 | M1061: 1997 | N1061: Nov | O1061: 4 | P1061: 1 | Q1061: 3594.17 | R1061: tier - 2 | S1061: tier - 2 | T1061: R1012 | X1061: Id1059 | Y1061: =_xlfn.CONCAT(O1061,"- ",N1061,"- ",M1061) -> 4- Nov- 1997 | Z1061: 1 | AA1061: 3594.17 | AB1061: tier - 2 | AC1061: tier - 2 | AD1061: R1012 | AE1061: =TEXT(Y1061,"dd/mm/yyyy") -> 04/11/1997 | AF1061: 45085 | AG1061: =DATEDIF(AE1061,AF1061,"y") -> 25
A1062: Id1279 | B1062: 1983 | C1062: Dec | D1062: 30 | E1062: 5 | F1062: 8582.3 | G1062: tier - 2 | H1062: tier - 1 | I1062: R1013 | L1062: Id1952 | M1062: 1999 | N1062: Jun | O1062: 6 | P1062: 3 | Q1062: 3591.48 | R1062: tier - 2 | S1062: tier - 3 | T1062: R1011 | X1062: Id1060 | Y1062: =_xlfn.CONCAT(O1062,"- ",N1062,"- ",M1062) -> 6- Jun- 1999 | Z1062: 3 | AA1062: 3591.48 | AB1062: tier - 2 | AC1062: tier - 3 | AD1062: R1011 | AE1062: =TEXT(Y1062,"dd/mm/yyyy") -> 06/06/1999 | AF1062: 45085 | AG1062: =DATEDIF(AE1062,AF1062,"y") -> 24
A1063: Id1278 | B1063: 1983 | C1063: Jul | D1063: 25 | E1063: 5 | F1063: 8596.83 | G1063: tier - 2 | H1063: tier - 3 | I1063: R1013 | L1063: Id1953 | M1063: 1986 | N1063: Dec | O1063: 27 | P1063: 3 | Q1063: 3589.14 | R1063: tier - 2 | S1063: tier - 2 | T1063: R1013 | X1063: Id1061 | Y1063: =_xlfn.CONCAT(O1063,"- ",N1063,"- ",M1063) -> 27- Dec- 1986 | Z1063: 3 | AA1063: 3589.14 | AB1063: tier - 2 | AC1063: tier - 2 | AD1063: R1013 | AE1063: =TEXT(Y1063,"dd/mm/yyyy") -> 27/12/1986 | AF1063: 45085 | AG1063: =DATEDIF(AE1063,AF1063,"y") -> 36
A1064: Id1277 | B1064: 1973 | C1064: Jul | D1064: 11 | E1064: 0 | F1064: 8601.33 | G1064: tier - 2 | H1064: tier - 1 | I1064: R1013 | L1064: Id1954 | M1064: 2001 | N1064: Nov | O1064: 11 | P1064: 2 | Q1064: 3579.83 | R1064: tier - 2 | S1064: tier - 2 | T1064: R1012 | X1064: Id1062 | Y1064: =_xlfn.CONCAT(O1064,"- ",N1064,"- ",M1064) -> 11- Nov- 2001 | Z1064: 2 | AA1064: 3579.83 | AB1064: tier - 2 | AC1064: tier - 2 | AD1064: R1012 | AE1064: =TEXT(Y1064,"dd/mm/yyyy") -> 11/11/2001 | AF1064: 45085 | AG1064: =DATEDIF(AE1064,AF1064,"y") -> 21
A1065: Id1276 | B1065: 1977 | C1065: Sep | D1065: 24 | E1065: 2 | F1065: 8603.82 | G1065: tier - 2 | H1065: tier - 1 | I1065: R1019 | L1065: Id1955 | M1065: 1995 | N1065: Aug | O1065: 23 | P1065: 1 | Q1065: 3578 | R1065: tier - 2 | S1065: tier - 3 | T1065: R1011 | X1065: Id1063 | Y1065: =_xlfn.CONCAT(O1065,"- ",N1065,"- ",M1065) -> 23- Aug- 1995 | Z1065: 1 | AA1065: 3578 | AB1065: tier - 2 | AC1065: tier - 3 | AD1065: R1011 | AE1065: =TEXT(Y1065,"dd/mm/yyyy") -> 23/08/1995 | AF1065: 45085 | AG1065: =DATEDIF(AE1065,AF1065,"y") -> 27
A1066: Id1275 | B1066: 1977 | C1066: Nov | D1066: 12 | E1066: 2 | F1066: 8604.48 | G1066: tier - 3 | H1066: tier - 2 | I1066: R1016 | L1066: Id1956 | M1066: 1988 | N1066: Aug | O1066: 18 | P1066: 3 | Q1066: 3569.96 | R1066: tier - 2 | S1066: tier - 1 | T1066: R1012 | X1066: Id1064 | Y1066: =_xlfn.CONCAT(O1066,"- ",N1066,"- ",M1066) -> 18- Aug- 1988 | Z1066: 3 | AA1066: 3569.96 | AB1066: tier - 2 | AC1066: tier - 1 | AD1066: R1012 | AE1066: =TEXT(Y1066,"dd/mm/yyyy") -> 18/08/1988 | AF1066: 45085 | AG1066: =DATEDIF(AE1066,AF1066,"y") -> 34
A1067: Id1274 | B1067: 1977 | C1067: Oct | D1067: 15 | E1067: 3 | F1067: 8605.36 | G1067: tier - 2 | H1067: tier - 2 | I1067: R1013 | L1067: Id1957 | M1067: 1981 | N1067: Oct | O1067: 10 | P1067: 1 | Q1067: 3562.87 | R1067: tier - 2 | S1067: tier - 1 | T1067: R1013 | X1067: Id1065 | Y1067: =_xlfn.CONCAT(O1067,"- ",N1067,"- ",M1067) -> 10- Oct- 1981 | Z1067: 1 | AA1067: 3562.87 | AB1067: tier - 2 | AC1067: tier - 1 | AD1067: R1013 | AE1067: =TEXT(Y1067,"dd/mm/yyyy") -> 10/10/1981 | AF1067: 45085 | AG1067: =DATEDIF(AE1067,AF1067,"y") -> 41
... A2345: Id1 | B2345: 1968 | C2345: Oct | D2345: 12 | E2345: 0 | F2345: 63770.43 | G2345: tier - 1 | H2345: tier - 3 | I2345: R1013 | L2345: unknown | M2345: 1999 | N2345: Jun | O2345: 9 | P2345: 1 | Q2345: 2775.19 | R2345: tier - 2 | S2345: tier - 1 | T2345: R1012 | X2345: Id2343 | Y2345: =_xlfn.CONCAT(O2345,"- ",N2345,"- ",M2345) -> 9- Jun- 1999 | Z2345: 1 | AA2345: 2775.19 | AB2345: tier - 2 | AC2345: tier - 1 | AD2345: R1012 | AE2345: =TEXT(Y2345,"dd/mm/yyyy") -> 09/06/1999 | AF2345: 45085 | AG2345: =DATEDIF(AE2345,AF2345,"y") -> 23
X2346: Id2344
X2347: Id2345
X2348: Id2346
X2349: Id2347
X2350: Id2348
X2351: Id2349

Sheet healthcare
A1: Customer ID | B1: Customer names | C1: Bmi | D1: HbA1C | E1: Heart issues | F1: Any Transplants | G1: Cancer History | H1: Number of Major surgeries | I1: Smoker | J1: Weight status | K1: Diabetes status | L1: Date of birth | M1: Charges | N1: Hospital_tier | O1: City_tier | P1: State_id | Q1: Age
A2: Id1 | B2: =VLOOKUP(A2,'CUSTOMER NAMES'!E2:H2337,4,FALSE) -> Kelly | C2: =VLOOKUP(A2,'MEDICAL EXAMINATION'!K3:T2337,2,FALSE) -> 47.41 | D2: =VLOOKUP(A2,'MEDICAL EXAMINATION'!K3:T2337,4,FALSE) -> 7.47 | E2: =VLOOKUP(A2,'MEDICAL EXAMINATION'!K3:T2337,6,FALSE) -> No | F2: =VLOOKUP(A2,'MEDICAL EXAMINATION'!K3:T2337,7,FALSE) -> No | G2: =VLOOKUP(A2,'MEDICAL EXAMINATION'!K3:T2337,8,FALSE) -> No | H2: =VLOOKUP(A2,'MEDICAL EXAMINATION'!K3:T2337,9,FALSE) -> No major surgery | I2: =VLOOKUP(A2,'MEDICAL EXAMINATION'!K3:T2337,10,FALSE) -> yes | J2: =VLOOKUP(A2,'MEDICAL EXAMINATION'!K3:T2337,3,FALSE) -> OVERWEIGHT | K2: =VLOOKUP(A2,'MEDICAL EXAMINATION'!K3:T2337,5,FALSE) -> DIABETES | L2: =VLOOKUP(A2,'HOSPITALIZATION DETAILS'!X3:AG2337,8,FALSE) -> 12/10/1968 | M2: =VLOOKUP(A2,'HOSPITALIZATION DETAILS'!X3:AG2337,4,FALSE) -> 63770.43 | N2: =VLOOKUP(A2,'HOSPITALIZATION DETAILS'!X3:AG2337,5,FALSE) -> tier - 1 | O2: =VLOOKUP(A2,'HOSPITALIZATION DETAILS'!X3:AG2337,6,FALSE) -> tier - 3 | P2: =VLOOKUP(A2,'HOSPITALIZATION DETAILS'!X3:AG2337,7,FALSE) -> R1013 | Q2: =VLOOKUP(A2,'HOSPITALIZATION DETAILS'!X3:AG2337,10,FALSE) -> 54
A3: Id2 | B3: =VLOOKUP(A3,'CUSTOMER NAMES'!E3:H2338,4,FALSE) -> Matthew D | C3: =VLOOKUP(A3,'MEDICAL EXAMINATION'!K4:T2338,2,FALSE) -> 30.36 | D3: =VLOOKUP(A3,'MEDICAL EXAMINATION'!K4:T2338,4,FALSE) -> 5.77 | E3: =VLOOKUP(A3,'MEDICAL EXAMINATION'!K4:T2338,6,FALSE) -> No | F3: =VLOOKUP(A3,'MEDICAL EXAMINATION'!K4:T2338,7,FALSE) -> No | G3: =VLOOKUP(A3,'MEDICAL EXAMINATION'!K4:T2338,8,FALSE) -> No | H3: =VLOOKUP(A3,'MEDICAL EXAMINATION'!K4:T2338,9,FALSE) -> No major surgery | I3: =VLOOKUP(A3,'MEDICAL EXAMINATION'!K4:T2338,10,FALSE) -> yes | J3: =VLOOKUP(A3,'MEDICAL EXAMINATION'!K4:T2338,3,FALSE) -> OVERWEIGHT | K3: =VLOOKUP(A3,'MEDICAL EXAMINATION'!K4:T2338,5,FALSE) -> PREDIABETES | L3: =VLOOKUP(A3,'HOSPITALIZATION DETAILS'!X4:AG2338,8,FALSE) -> 29/12/1978 | M3: =VLOOKUP(A3,'HOSPITALIZATION DETAILS'!X4:AG2338,4,FALSE) -> 48885.14 | N3: =VLOOKUP(A3,'HOSPITALIZATION DETAILS'!X4:AG2338,5,FALSE) -> tier - 1 | O3: =VLOOKUP(A3,'HOSPITALIZATION DETAILS'!X4:AG2338,6,FALSE) -> tier - 2 | P3: =VLOOKUP(A3,'HOSPITALIZATION DETAILS'!X4:AG2338,7,FALSE) -> R1013 | Q3: =VLOOKUP(A3,'HOSPITALIZATION DETAILS'!X4:AG2338,10,FALSE) -> 44
A4: Id3 | B4: =VLOOKUP(A4,'CUSTOMER NAMES'!E4:H2339,4,FALSE) -> Phil | C4: =VLOOKUP(A4,'MEDICAL EXAMINATION'!K5:T2339,2,FALSE) -> 34.485 | D4: =VLOOKUP(A4,'MEDICAL EXAMINATION'!K5:T2339,4,FALSE) -> 11.87 | E4: =VLOOKUP(A4,'MEDICAL EXAMINATION'!K5:T2339,6,FALSE) -> yes | F4: =VLOOKUP(A4,'MEDICAL EXAMINATION'!K5:T2339,7,FALSE) -> No | G4: =VLOOKUP(A4,'MEDICAL EXAMINATION'!K5:T2339,8,FALSE) -> No | H4: =VLOOKUP(A4,'MEDICAL EXAMINATION'!K5:T2339,9,FALSE) -> 2 | I4: =VLOOKUP(A4,'MEDICAL EXAMINATION'!K5:T2339,10,FALSE) -> yes | J4: =VLOOKUP(A4,'MEDICAL EXAMINATION'!K5:T2339,3,FALSE) -> OVERWEIGHT | K4: =VLOOKUP(A4,'MEDICAL EXAMINATION'!K5:T2339,5,FALSE) -> DIABETES | L4: =VLOOKUP(A4,'HOSPITALIZATION DETAILS'!X5:AG2339,8,FALSE) -> 27/06/1977 | M4: =VLOOKUP(A4,'HOSPITALIZATION DETAILS'!X5:AG2339,4,FALSE) -> 40284.38 | N4: =VLOOKUP(A4,'HOSPITALIZATION DETAILS'!X5:AG2339,5,FALSE) -> tier - 1 | O4: =VLOOKUP(A4,'HOSPITALIZATION DETAILS'!X5:AG2339,6,FALSE) -> tier - 3 | P4: =VLOOKUP(A4,'HOSPITALIZATION DETAILS'!X5:AG2339,7,FALSE) -> R1012 | Q4: =VLOOKUP(A4,'HOSPITALIZATION DETAILS'!X5:AG2339,10,FALSE) -> 45
A5: Id4 | B5: =VLOOKUP(A5,'CUSTOMER NAMES'!E5:H2340,4,FALSE) -> Kelsey | C5: =VLOOKUP(A5,'MEDICAL EXAMINATION'!K6:T2340,2,FALSE) -> 38.095 | D5: =VLOOKUP(A5,'MEDICAL EXAMINATION'!K6:T2340,4,FALSE) -> 6.05 | E5: =VLOOKUP(A5,'MEDICAL EXAMINATION'!K6:T2340,6,FALSE) -> No | F5: =VLOOKUP(A5,'MEDICAL EXAMINATION'!K6:T2340,7,FALSE) -> No | G5: =VLOOKUP(A5,'MEDICAL EXAMINATION'!K6:T2340,8,FALSE) -> No | H5: =VLOOKUP(A5,'MEDICAL EXAMINATION'!K6:T2340,9,FALSE) -> No major surgery | I5: =VLOOKUP(A5,'MEDICAL EXAMINATION'!K6:T2340,10,FALSE) -> yes | J5: =VLOOKUP(A5,'MEDICAL EXAMINATION'!K6:T2340,3,FALSE) -> OVERWEIGHT | K5: =VLOOKUP(A5,'MEDICAL EXAMINATION'!K6:T2340,5,FALSE) -> PREDIABETES | L5: =VLOOKUP(A5,'HOSPITALIZATION DETAILS'!X6:AG2340,8,FALSE) -> 17/12/1989 | M5: =VLOOKUP(A5,'HOSPITALIZATION DETAILS'!X6:AG2340,4,FALSE) -> 11250.43 | N5: =VLOOKUP(A5,'HOSPITALIZATION DETAILS'!X6:AG2340,5,FALSE) -> tier - 3 | O5: =VLOOKUP(A5,'HOSPITALIZATION DETAILS'!X6:AG2340,6,FALSE) -> tier - 2 | P5: =VLOOKUP(A5,'HOSPITALIZATION DETAILS'!X6:AG2340,7,FALSE) -> R1026 | Q5: =VLOOKUP(A5,'HOSPITALIZATION DETAILS'!X6:AG2340,10,FALSE) -> 33 | T5: AVERAGE
A6: Id5 | B6: =VLOOKUP(A6,'CUSTOMER NAMES'!E6:H2341,4,FALSE) -> Kristyn | C6: =VLOOKUP(A6,'MEDICAL EXAMINATION'!K7:T2341,2,FALSE) -> 35.53 | D6: =VLOOKUP(A6,'MEDICAL EXAMINATION'!K7:T2341,4,FALSE) -> 5.45 | E6: =VLOOKUP(A6,'MEDICAL EXAMINATION'!K7:T2341,6,FALSE) -> No | F6: =VLOOKUP(A6,'MEDICAL EXAMINATION'!K7:T2341,7,FALSE) -> No | G6: =VLOOKUP(A6,'MEDICAL EXAMINATION'!K7:T2341,8,FALSE) -> No | H6: =VLOOKUP(A6,'MEDICAL EXAMINATION'!K7:T2341,9,FALSE) -> No major surgery | I6: =VLOOKUP(A6,'MEDICAL EXAMINATION'!K7:T2341,10,FALSE) -> yes | J6: =VLOOKUP(A6,'MEDICAL EXAMINATION'!K7:T2341,3,FALSE) -> OVERWEIGHT | K6: =VLOOKUP(A6,'MEDICAL EXAMINATION'!K7:T2341,5,FALSE) -> NORMAL | L6: =VLOOKUP(A6,'HOSPITALIZATION DETAILS'!X7:AG2341,8,FALSE) -> 30/12/1969 | M6: =VLOOKUP(A6,'HOSPITALIZATION DETAILS'!X7:AG2341,4,FALSE) -> 11244.38 | N6: =VLOOKUP(A6,'HOSPITALIZATION DETAILS'!X7:AG2341,5,FALSE) -> tier - 3 | O6: =VLOOKUP(A6,'HOSPITALIZATION DETAILS'!X7:AG2341,6,FALSE) -> tier - 1 | P6: =VLOOKUP(A6,'HOSPITALIZATION DETAILS'!X7:AG2341,7,FALSE) -> R1016 | Q6: =VLOOKUP(A6,'HOSPITALIZATION DETAILS'!X7:AG2341,10,FALSE) -> 53 | T6: COLUMNS | U6: VALUES
A7: Id6 | B7: =VLOOKUP(A7,'CUSTOMER NAMES'!E7:H2342,4,FALSE) -> Russell B | C7: =VLOOKUP(A7,'MEDICAL EXAMINATION'!K8:T2342,2,FALSE) -> 32.8 | D7: =VLOOKUP(A7,'MEDICAL EXAMINATION'!K8:T2342,4,FALSE) -> 6.59 | E7: =VLOOKUP(A7,'MEDICAL EXAMINATION'!K8:T2342,6,FALSE) -> No | F7: =VLOOKUP(A7,'MEDICAL EXAMINATION'!K8:T2342,7,FALSE) -> No | G7: =VLOOKUP(A7,'MEDICAL EXAMINATION'!K8:T2342,8,FALSE) -> No | H7: =VLOOKUP(A7,'MEDICAL EXAMINATION'!K8:T2342,9,FALSE) -> No major surgery | I7: =VLOOKUP(A7,'MEDICAL EXAMINATION'!K8:T2342,10,FALSE) -> yes | J7: =VLOOKUP(A7,'MEDICAL EXAMINATION'!K8:T2342,3,FALSE) -> OVERWEIGHT | K7: =VLOOKUP(A7,'MEDICAL EXAMINATION'!K8:T2342,5,FALSE) -> DIABETES | L7: =VLOOKUP(A7,'HOSPITALIZATION DETAILS'!X8:AG2342,8,FALSE) -> 28/06/1976 | M7: =VLOOKUP(A7,'HOSPITALIZATION DETAILS'!X8:AG2342,4,FALSE) -> 11217.35 | N7: =VLOOKUP(A7,'HOSPITALIZATION DETAILS'!X8:AG2342,5,FALSE) -> tier - 3 | O7: =VLOOKUP(A7,'HOSPITALIZATION DETAILS'!X8:AG2342,6,FALSE) -> tier - 2 | P7: =VLOOKUP(A7,'HOSPITALIZATION DETAILS'!X8:AG2342,7,FALSE) -> R1025 | Q7: =VLOOKUP(A7,'HOSPITALIZATION DETAILS'!X8:AG2342,10,FALSE) -> 46 | T7: BMI | U7: =AVERAGE(C:C) -> 30.972649
A8: Id7 | B8: =VLOOKUP(A8,'CUSTOMER NAMES'!E8:H2343,4,FALSE) -> Scott | C8: =VLOOKUP(A8,'MEDICAL EXAMINATION'!K9:T2343,2,FALSE) -> 36.4 | D8: =VLOOKUP(A8,'MEDICAL EXAMINATION'!K9:T2343,4,FALSE) -> 6.07 | E8: =VLOOKUP(A8,'MEDICAL EXAMINATION'!K9:T2343,6,FALSE) -> No | F8: =VLOOKUP(A8,'MEDICAL EXAMINATION'!K9:T2343,7,FALSE) -> No | G8: =VLOOKUP(A8,'MEDICAL EXAMINATION'!K9:T2343,8,FALSE) -> No | H8: =VLOOKUP(A8,'MEDICAL EXAMINATION'!K9:T2343,9,FALSE) -> No major surgery | I8: =VLOOKUP(A8,'MEDICAL EXAMINATION'!K9:T2343,10,FALSE) -> yes | J8: =VLOOKUP(A8,'MEDICAL EXAMINATION'!K9:T2343,3,FALSE) -> OVERWEIGHT | K8: =VLOOKUP(A8,'MEDICAL EXAMINATION'!K9:T2343,5,FALSE) -> PREDIABETES | L8: =VLOOKUP(A8,'HOSPITALIZATION DETAILS'!X9:AG2343,8,FALSE) -> 14/06/1970 | M8: =VLOOKUP(A8,'HOSPITALIZATION DETAILS'!X9:AG2343,4,FALSE) -> 11187.66 | N8: =VLOOKUP(A8,'HOSPITALIZATION DETAILS'!X9:AG2343,5,FALSE) -> tier - 3 | O8: =VLOOKUP(A8,'HOSPITALIZATION DETAILS'!X9:AG2343,6,FALSE) -> tier - 2 | P8: =VLOOKUP(A8,'HOSPITALIZATION DETAILS'!X9:AG2343,7,FALSE) -> R1012 | Q8: =VLOOKUP(A8,'HOSPITALIZATION DETAILS'!X9:AG2343,10,FALSE) -> 52 | T8: CHARGES | U8: =AVERAGE(M:M) -> 13543.956
A9: Id8 | B9: =VLOOKUP(A9,'CUSTOMER NAMES'!E9:H2344,4,FALSE) -> Stephen | C9: =VLOOKUP(A9,'MEDICAL EXAMINATION'!K10:T2344,2,FALSE) -> 36.96 | D9: =VLOOKUP(A9,'MEDICAL EXAMINATION'!K10:T2344,4,FALSE) -> 7.93 | E9: =VLOOKUP(A9,'MEDICAL EXAMINATION'!K10:T2344,6,FALSE) -> No | F9: =VLOOKUP(A9,'MEDICAL EXAMINATION'!K10:T2344,7,FALSE) -> No | G9: =VLOOKUP(A9,'MEDICAL EXAMINATION'!K10:T2344,8,FALSE) -> No | H9: =VLOOKUP(A9,'MEDICAL EXAMINATION'!K10:T2344,9,FALSE) -> 3 | I9: =VLOOKUP(A9,'MEDICAL EXAMINATION'!K10:T2344,10,FALSE) -> yes | J9: =VLOOKUP(A9,'MEDICAL EXAMINATION'!K10:T2344,3,FALSE) -> OVERWEIGHT | K9: =VLOOKUP(A9,'MEDICAL EXAMINATION'!K10:T2344,5,FALSE) -> DIABETES | L9: =VLOOKUP(A9,'HOSPITALIZATION DETAILS'!X10:AG2344,8,FALSE) -> 03/09/1972 | M9: =VLOOKUP(A9,'HOSPITALIZATION DETAILS'!X10:AG2344,4,FALSE) -> 11186.2 | N9: =VLOOKUP(A9,'HOSPITALIZATION DETAILS'!X10:AG2344,5,FALSE) -> tier - 3 | O9: =VLOOKUP(A9,'HOSPITALIZATION DETAILS'!X10:AG2344,6,FALSE) -> tier - 2 | P9: =VLOOKUP(A9,'HOSPITALIZATION DETAILS'!X10:AG2344,7,FALSE) -> R1021 | Q9: =VLOOKUP(A9,'HOSPITALIZATION DETAILS'!X10:AG2344,10,FALSE) -> 50 | T9: HBA1C | U9: =AVERAGE(D:D) -> 6.5789979
A10: Id9 | B10: =VLOOKUP(A10,'CUSTOMER NAMES'!E10:H2345,4,FALSE) -> Patrick R | C10: =VLOOKUP(A10,'MEDICAL EXAMINATION'!K11:T2345,2,FALSE) -> 41.14 | D10: =VLOOKUP(A10,'MEDICAL EXAMINATION'!K11:T2345,4,FALSE) -> 9.58 | E10: =VLOOKUP(A10,'MEDICAL EXAMINATION'!K11:T2345,6,FALSE) -> yes | F10: =VLOOKUP(A10,'MEDICAL EXAMINATION'!K11:T2345,7,FALSE) -> No | G10: =VLOOKUP(A10,'MEDICAL EXAMINATION'!K11:T2345,8,FALSE) -> Yes | H10: =VLOOKUP(A10,'MEDICAL EXAMINATION'!K11:T2345,9,FALSE) -> 1 | I10: =VLOOKUP(A10,'MEDICAL EXAMINATION'!K11:T2345,10,FALSE) -> yes | J10: =VLOOKUP(A10,'MEDICAL EXAMINATION'!K11:T2345,3,FALSE) -> OVERWEIGHT | K10: =VLOOKUP(A10,'MEDICAL EXAMINATION'!K11:T2345,5,FALSE) -> DIABETES | L10: =VLOOKUP(A10,'HOSPITALIZATION DETAILS'!X11:AG2345,8,FALSE) -> 06/08/1966 | M10: =VLOOKUP(A10,'HOSPITALIZATION DETAILS'!X11:AG2345,4,FALSE) -> 11165.42 | N10: =VLOOKUP(A10,'HOSPITALIZATION DETAILS'!X11:AG2345,5,FALSE) -> tier - 3 | O10: =VLOOKUP(A10,'HOSPITALIZATION DETAILS'!X11:AG2345,6,FALSE) -> tier - 1 | P10: =VLOOKUP(A10,'HOSPITALIZATION DETAILS'!X11:AG2345,7,FALSE) -> R1016 | Q10: =VLOOKUP(A10,'HOSPITALIZATION DETAILS'!X11:AG2345,10,FALSE) -> 56
A11: Id10 | B11: =VLOOKUP(A11,'CUSTOMER NAMES'!E11:H2346,4,FALSE) -> Brooke N | C11: =VLOOKUP(A11,'MEDICAL EXAMINATION'!K12:T2346,2,FALSE) -> 38.06 | D11: =VLOOKUP(A11,'MEDICAL EXAMINATION'!K12:T2346,4,FALSE) -> 10.79 | E11: =VLOOKUP(A11,'MEDICAL EXAMINATION'!K12:T2346,6,FALSE) -> No | F11: =VLOOKUP(A11,'MEDICAL EXAMINATION'!K12:T2346,7,FALSE) -> No | G11: =VLOOKUP(A11,'MEDICAL EXAMINATION'!K12:T2346,8,FALSE) -> No | H11: =VLOOKUP(A11,'MEDICAL EXAMINATION'!K12:T2346,9,FALSE) -> No major surgery | I11: =VLOOKUP(A11,'MEDICAL EXAMINATION'!K12:T2346,10,FALSE) -> yes | J11: =VLOOKUP(A11,'MEDICAL EXAMINATION'!K12:T2346,3,FALSE) -> OVERWEIGHT | K11: =VLOOKUP(A11,'MEDICAL EXAMINATION'!K12:T2346,5,FALSE) -> DIABETES | L11: =VLOOKUP(A11,'HOSPITALIZATION DETAILS'!X12:AG2346,8,FALSE) -> 25/06/1969 | M11: =VLOOKUP(A11,'HOSPITALIZATION DETAILS'!X12:AG2346,4,FALSE) -> 11163.57 | N11: =VLOOKUP(A11,'HOSPITALIZATION DETAILS'!X12:AG2346,5,FALSE) -> tier - 3 | O11: =VLOOKUP(A11,'HOSPITALIZATION DETAILS'!X12:AG2346,6,FALSE) -> tier - 2 | P11: =VLOOKUP(A11,'HOSPITALIZATION DETAILS'!X12:AG2346,7,FALSE) -> R1011 | Q11: =VLOOKUP(A11,'HOSPITALIZATION DETAILS'!X12:AG2346,10,FALSE) -> 53 | T11: SUM
A12: Id11 | B12: =VLOOKUP(A12,'CUSTOMER NAMES'!E12:H2347,4,FALSE) -> Paola Andrea | C12: =VLOOKUP(A12,'MEDICAL EXAMINATION'!K13:T2347,2,FALSE) -> 37.7 | D12: =VLOOKUP(A12,'MEDICAL EXAMINATION'!K13:T2347,4,FALSE) -> 5.96 | E12: =VLOOKUP(A12,'MEDICAL EXAMINATION'!K13:T2347,6,FALSE) -> yes | F12: =VLOOKUP(A12,'MEDICAL EXAMINATION'!K13:T2347,7,FALSE) -> No | G12: =VLOOKUP(A12,'MEDICAL EXAMINATION'!K13:T2347,8,FALSE) -> No | H12: =VLOOKUP(A12,'MEDICAL EXAMINATION'!K13:T2347,9,FALSE) -> 2 | I12: =VLOOKUP(A12,'MEDICAL EXAMINATION'!K13:T2347,10,FALSE) -> yes | J12: =VLOOKUP(A12,'MEDICAL EXAMINATION'!K13:T2347,3,FALSE) -> OVERWEIGHT | K12: =VLOOKUP(A12,'MEDICAL EXAMINATION'!K13:T2347,5,FALSE) -> PREDIABETES | L12: =VLOOKUP(A12,'HOSPITALIZATION DETAILS'!X13:AG2347,8,FALSE) -> 30/11/1969 | M12: =VLOOKUP(A12,'HOSPITALIZATION DETAILS'!X13:AG2347,4,FALSE) -> 11150.78 | N12: =VLOOKUP(A12,'HOSPITALIZATION DETAILS'!X13:AG2347,5,FALSE) -> tier - 3 | O12: =VLOOKUP(A12,'HOSPITALIZATION DETAILS'!X13:AG2347,6,FALSE) -> tier - 2 | P12: =VLOOKUP(A12,'HOSPITALIZATION DETAILS'!X13:AG2347,7,FALSE) -> R1011 | Q12: =VLOOKUP(A12,'HOSPITALIZATION DETAILS'!X13:AG2347,10,FALSE) -> 53 | T12: MAJOR SURGERIES | U12: =SUM(H:H) -> 1579
A13: Id12 | B13: =VLOOKUP(A13,'CUSTOMER NAMES'!E13:H2348,4,FALSE) -> David | C13: =VLOOKUP(A13,'MEDICAL EXAMINATION'!K14:T2348,2,FALSE) -> 42.13 | D13: =VLOOKUP(A13,'MEDICAL EXAMINATION'!K14:T2348,4,FALSE) -> 11.9 | E13: =VLOOKUP(A13,'MEDICAL EXAMINATION'!K14:T2348,6,FALSE) -> No | F13: =VLOOKUP(A13,'MEDICAL EXAMINATION'!K14:T2348,7,FALSE) -> No | G13: =VLOOKUP(A13,'MEDICAL EXAMINATION'!K14:T2348,8,FALSE) -> No | H13: =VLOOKUP(A13,'MEDICAL EXAMINATION'!K14:T2348,9,FALSE) -> No major surgery | I13: =VLOOKUP(A13,'MEDICAL EXAMINATION'!K14:T2348,10,FALSE) -> yes | J13: =VLOOKUP(A13,'MEDICAL EXAMINATION'!K14:T2348,3,FALSE) -> OVERWEIGHT | K13: =VLOOKUP(A13,'MEDICAL EXAMINATION'!K14:T2348,5,FALSE) -> DIABETES | L13: =VLOOKUP(A13,'HOSPITALIZATION DETAILS'!X14:AG2348,8,FALSE) -> 20/08/1980 | M13: =VLOOKUP(A13,'HOSPITALIZATION DETAILS'!X14:AG2348,4,FALSE) -> 11103.33 | N13: =VLOOKUP(A13,'HOSPITALIZATION DETAILS'!X14:AG2348,5,FALSE) -> tier - 3 | O13: =VLOOKUP(A13,'HOSPITALIZATION DETAILS'!X14:AG2348,6,FALSE) -> tier - 1 | P13: =VLOOKUP(A13,'HOSPITALIZATION DETAILS'!X14:AG2348,7,FALSE) -> R1021 | Q13: =VLOOKUP(A13,'HOSPITALIZATION DETAILS'!X14:AG2348,10,FALSE) -> 42
A14: Id13 | B14: =VLOOKUP(A14,'CUSTOMER NAMES'!E14:H2349,4,FALSE) -> Wade | C14: =VLOOKUP(A14,'MEDICAL EXAMINATION'!K15:T2349,2,FALSE) -> 40.92 | D14: =VLOOKUP(A14,'MEDICAL EXAMINATION'!K15:T2349,4,FALSE) -> 8.41 | E14: =VLOOKUP(A14,'MEDICAL EXAMINATION'!K15:T2349,6,FALSE) -> No | F14: =VLOOKUP(A14,'MEDICAL EXAMINATION'!K15:T2349,7,FALSE) -> No | G14: =VLOOKUP(A14,'MEDICAL EXAMINATION'!K15:T2349,8,FALSE) -> No | H14: =VLOOKUP(A14,'MEDICAL EXAMINATION'!K15:T2349,9,FALSE) -> No major surgery | I14: =VLOOKUP(A14,'MEDICAL EXAMINATION'!K15:T2349,10,FALSE) -> yes | J14: =VLOOKUP(A14,'MEDICAL EXAMINATION'!K15:T2349,3,FALSE) -> OVERWEIGHT | K14: =VLOOKUP(A14,'MEDICAL EXAMINATION'!K15:T2349,5,FALSE) -> DIABETES | L14: =VLOOKUP(A14,'HOSPITALIZATION DETAILS'!X15:AG2349,8,FALSE) -> 05/07/1966 | M14: =VLOOKUP(A14,'HOSPITALIZATION DETAILS'!X15:AG2349,4,FALSE) -> 11093.62 | N14: =VLOOKUP(A14,'HOSPITALIZATION DETAILS'!X15:AG2349,5,FALSE) -> tier - 3 | O14: =VLOOKUP(A14,'HOSPITALIZATION DETAILS'!X15:AG2349,6,FALSE) -> tier - 1 | P14: =VLOOKUP(A14,'HOSPITALIZATION DETAILS'!X15:AG2349,7,FALSE) -> R1013 | Q14: =VLOOKUP(A14,'HOSPITALIZATION DETAILS'!X15:AG2349,10,FALSE) -> 56
A15: Id14 | B15: =VLOOKUP(A15,'CUSTOMER NAMES'!E15:H2350,4,FALSE) -> Franklin | C15: =VLOOKUP(A15,'MEDICAL EXAMINATION'!K16:T2350,2,FALSE) -> 40.565 | D15: =VLOOKUP(A15,'MEDICAL EXAMINATION'!K16:T2350,4,FALSE) -> 7.02 | E15: =VLOOKUP(A15,'MEDICAL EXAMINATION'!K16:T2350,6,FALSE) -> No | F15: =VLOOKUP(A15,'MEDICAL EXAMINATION'!K16:T2350,7,FALSE) -> No | G15: =VLOOKUP(A15,'MEDICAL EXAMINATION'!K16:T2350,8,FALSE) -> No | H15: =VLOOKUP(A15,'MEDICAL EXAMINATION'!K16:T2350,9,FALSE) -> No major surgery | I15: =VLOOKUP(A15,'MEDICAL EXAMINATION'!K16:T2350,10,FALSE) -> yes | J15: =VLOOKUP(A15,'MEDICAL EXAMINATION'!K16:T2350,3,FALSE) -> OVERWEIGHT | K15: =VLOOKUP(A15,'MEDICAL EXAMINATION'!K16:T2350,5,FALSE) -> DIABETES | L15: =VLOOKUP(A15,'HOSPITALIZATION DETAILS'!X16:AG2350,8,FALSE) -> 04/10/1981 | M15: =VLOOKUP(A15,'HOSPITALIZATION DETAILS'!X16:AG2350,4,FALSE) -> 40273.65 | N15: =VLOOKUP(A15,'HOSPITALIZATION DETAILS'!X16:AG2350,5,FALSE) -> tier - 1 | O15: =VLOOKUP(A15,'HOSPITALIZATION DETAILS'!X16:AG2350,6,FALSE) -> tier - 3 | P15: =VLOOKUP(A15,'HOSPITALIZATION DETAILS'!X16:AG2350,7,FALSE) -> R1013 | Q15: =VLOOKUP(A15,'HOSPITALIZATION DETAILS'!X16:AG2350,10,FALSE) -> 41
A16: Id15 | B16: =VLOOKUP(A16,'CUSTOMER NAMES'!E16:H2351,4,FALSE) -> Leilani M | C16: =VLOOKUP(A16,'MEDICAL EXAMINATION'!K17:T2351,2,FALSE) -> 36.385 | D16: =VLOOKUP(A16,'MEDICAL EXAMINATION'!K17:T2351,4,FALSE) -> 7.59 | E16: =VLOOKUP(A16,'MEDICAL EXAMINATION'!K17:T2351,6,FALSE) -> yes | F16: =VLOOKUP(A16,'MEDICAL EXAMINATION'!K17:T2351,7,FALSE) -> No | G16: =VLOOKUP(A16,'MEDICAL EXAMINATION'!K17:T2351,8,FALSE) -> No | H16: =VLOOKUP(A16,'MEDICAL EXAMINATION'!K17:T2351,9,FALSE) -> 2 | I16: =VLOOKUP(A16,'MEDICAL EXAMINATION'!K17:T2351,10,FALSE) -> yes | J16: =VLOOKUP(A16,'MEDICAL EXAMINATION'!K17:T2351,3,FALSE) -> OVERWEIGHT | K16: =VLOOKUP(A16,'MEDICAL EXAMINATION'!K17:T2351,5,FALSE) -> DIABETES | L16: =VLOOKUP(A16,'HOSPITALIZATION DETAILS'!X17:AG2351,8,FALSE) -> 09/09/1966 | M16: =VLOOKUP(A16,'HOSPITALIZATION DETAILS'!X17:AG2351,4,FALSE) -> 11090.72 | N16: =VLOOKUP(A16,'HOSPITALIZATION DETAILS'!X17:AG2351,5,FALSE) -> tier - 3 | O16: =VLOOKUP(A16,'HOSPITALIZATION DETAILS'!X17:AG2351,6,FALSE) -> tier - 1 | P16: =VLOOKUP(A16,'HOSPITALIZATION DETAILS'!X17:AG2351,7,FALSE) -> R1013 | Q16: =VLOOKUP(A16,'HOSPITALIZATION DETAILS'!X17:AG2351,10,FALSE) -> 56
A17: Id16 | B17: =VLOOKUP(A17,'CUSTOMER NAMES'!E17:H2352,4,FALSE) -> Philippe | C17: =VLOOKUP(A17,'MEDICAL EXAMINATION'!K18:T2352,2,FALSE) -> 39.9 | D17: =VLOOKUP(A17,'MEDICAL EXAMINATION'!K18:T2352,4,FALSE) -> 11.32 | E17: =VLOOKUP(A17,'MEDICAL EXAMINATION'!K18:T2352,6,FALSE) -> No | F17: =VLOOKUP(A17,'MEDICAL EXAMINATION'!K18:T2352,7,FALSE) -> No | G17: =VLOOKUP(A17,'MEDICAL EXAMINATION'!K18:T2352,8,FALSE) -> No | H17: =VLOOKUP(A17,'MEDICAL EXAMINATION'!K18:T2352,9,FALSE) -> No major surgery | I17: =VLOOKUP(A17,'MEDICAL EXAMINATION'!K18:T2352,10,FALSE) -> yes | J17: =VLOOKUP(A17,'MEDICAL EXAMINATION'!K18:T2352,3,FALSE) -> OVERWEIGHT | K17: =VLOOKUP(A17,'MEDICAL EXAMINATION'!K18:T2352,5,FALSE) -> DIABETES | L17: =VLOOKUP(A17,'HOSPITALIZATION DETAILS'!X18:AG2352,8,FALSE) -> 07/10/1972 | M17: =VLOOKUP(A17,'HOSPITALIZATION DETAILS'!X18:AG2352,4,FALSE) -> 11085.59 | N17: =VLOOKUP(A17,'HOSPITALIZATION DETAILS'!X18:AG2352,5,FALSE) -> tier - 3 | O17: =VLOOKUP(A17,'HOSPITALIZATION DETAILS'!X18:AG2352,6,FALSE) -> tier - 2 | P17: =VLOOKUP(A17,'HOSPITALIZATION DETAILS'!X18:AG2352,7,FALSE) -> R1012 | Q17: =VLOOKUP(A17,'HOSPITALIZATION DETAILS'!X18:AG2352,10,FALSE) -> 50
A18: Id17 | B18: =VLOOKUP(A18,'CUSTOMER NAMES'!E18:H2353,4,FALSE) -> Jennifer A | C18: =VLOOKUP(A18,'MEDICAL EXAMINATION'!K19:T2353,2,FALSE) -> 33.8 | D18: =VLOOKUP(A18,'MEDICAL EXAMINATION'!K19:T2353,4,FALSE) -> 7.67 | E18: =VLOOKUP(A18,'MEDICAL EXAMINATION'!K19:T2353,6,FALSE) -> No | F18: =VLOOKUP(A18,'MEDICAL EXAMINATION'!K19:T2353,7,FALSE) -> No | G18: =VLOOKUP(A18,'MEDICAL EXAMINATION'!K19:T2353,8,FALSE) -> No | H18: =VLOOKUP(A18,'MEDICAL EXAMINATION'!K19:T2353,9,FALSE) -> 3 | I18: =VLOOKUP(A18,'MEDICAL EXAMINATION'!K19:T2353,10,FALSE) -> yes | J18: =VLOOKUP(A18,'MEDICAL EXAMINATION'!K19:T2353,3,FALSE) -> OVERWEIGHT | K18: =VLOOKUP(A18,'MEDICAL EXAMINATION'!K19:T2353,5,FALSE) -> DIABETES | L18: =VLOOKUP(A18,'HOSPITALIZATION DETAILS'!X19:AG2353,8,FALSE) -> 04/09/1967 | M18: =VLOOKUP(A18,'HOSPITALIZATION DETAILS'!X19:AG2353,4,FALSE) -> 11082.58 | N18: =VLOOKUP(A18,'HOSPITALIZATION DETAILS'!X19:AG2353,5,FALSE) -> tier - 3 | O18: =VLOOKUP(A18,'HOSPITALIZATION DETAILS'!X19:AG2353,6,FALSE) -> tier - 2 | P18: =VLOOKUP(A18,'HOSPITALIZATION DETAILS'!X19:AG2353,7,FALSE) -> R1012 | Q18: =VLOOKUP(A18,'HOSPITALIZATION DETAILS'!X19:AG2353,10,FALSE) -> 55
A19: Id18 | B19: =VLOOKUP(A19,'CUSTOMER NAMES'!E19:H2354,4,FALSE) -> Christina M | C19: =VLOOKUP(A19,'MEDICAL EXAMINATION'!K20:T2354,2,FALSE) -> 36.765 | D19: =VLOOKUP(A19,'MEDICAL EXAMINATION'!K20:T2354,4,FALSE) -> 7.29 | E19: =VLOOKUP(A19,'MEDICAL EXAMINATION'!K20:T2354,6,FALSE) -> yes | F19: =VLOOKUP(A19,'MEDICAL EXAMINATION'!K20:T2354,7,FALSE) -> No | G19: =VLOOKUP(A19,'MEDICAL EXAMINATION'!K20:T2354,8,FALSE) -> Yes | H19: =VLOOKUP(A19,'MEDICAL EXAMINATION'!K20:T2354,9,FALSE) -> 1 | I19: =VLOOKUP(A19,'MEDICAL EXAMINATION'!K20:T2354,10,FALSE) -> yes | J19: =VLOOKUP(A19,'MEDICAL EXAMINATION'!K20:T2354,3,FALSE) -> OVERWEIGHT | K19: =VLOOKUP(A19,'MEDICAL EXAMINATION'!K20:T2354,5,FALSE) -> DIABETES | L19: =VLOOKUP(A19,'HOSPITALIZATION DETAILS'!X20:AG2354,8,FALSE) -> 20/11/1966 | M19: =VLOOKUP(A19,'HOSPITALIZATION DETAILS'!X20:AG2354,4,FALSE) -> 11073.18 | N19: =VLOOKUP(A19,'HOSPITALIZATION DETAILS'!X20:AG2354,5,FALSE) -> tier - 3 | O19: =VLOOKUP(A19,'HOSPITALIZATION DETAILS'!X20:AG2354,6,FALSE) -> tier - 3 | P19: =VLOOKUP(A19,'HOSPITALIZATION DETAILS'!X20:AG2354,7,FALSE) -> R1011 | Q19: =VLOOKUP(A19,'HOSPITALIZATION DETAILS'!X20:AG2354,10,FALSE) -> 56
A20: Id19 | B20: =VLOOKUP(A20,'CUSTOMER NAMES'!E20:H2355,4,FALSE) -> Said Sr | C20: =VLOOKUP(A20,'MEDICAL EXAMINATION'!K21:T2355,2,FALSE) -> 36.955 | D20: =VLOOKUP(A20,'MEDICAL EXAMINATION'!K21:T2355,4,FALSE) -> 4.72 | E20: =VLOOKUP(A20,'MEDICAL EXAMINATION'!K21:T2355,6,FALSE) -> yes | F20: =VLOOKUP(A20,'MEDICAL EXAMINATION'!K21:T2355,7,FALSE) -> No | G20: =VLOOKUP(A20,'MEDICAL EXAMINATION'!K21:T2355,8,FALSE) -> No | H20: =VLOOKUP(A20,'MEDICAL EXAMINATION'!K21:T2355,9,FALSE) -> 1 | I20: =VLOOKUP(A20,'MEDICAL EXAMINATION'!K21:T2355,10,FALSE) -> yes | J20: =VLOOKUP(A20,'MEDICAL EXAMINATION'!K21:T2355,3,FALSE) -> OVERWEIGHT | K20: =VLOOKUP(A20,'MEDICAL EXAMINATION'!K21:T2355,5,FALSE) -> NORMAL | L20: =VLOOKUP(A20,'HOSPITALIZATION DETAILS'!X21:AG2355,8,FALSE) -> 07/11/1966 | M20: =VLOOKUP(A20,'HOSPITALIZATION DETAILS'!X21:AG2355,4,FALSE) -> 11070.54 | N20: =VLOOKUP(A20,'HOSPITALIZATION DETAILS'!X21:AG2355,5,FALSE) -> tier - 3 | O20: =VLOOKUP(A20,'HOSPITALIZATION DETAILS'!X21:AG2355,6,FALSE) -> tier - 3 | P20: =VLOOKUP(A20,'HOSPITALIZATION DETAILS'!X21:AG2355,7,FALSE) -> R1011 | Q20: =VLOOKUP(A20,'HOSPITALIZATION DETAILS'!X21:AG2355,10,FALSE) -> 56
A21: Id20 | B21: =VLOOKUP(A21,'CUSTOMER NAMES'!E21:H2356,4,FALSE) -> John | C21: =VLOOKUP(A21,'MEDICAL EXAMINATION'!K22:T2356,2,FALSE) -> 42.9 | D21: =VLOOKUP(A21,'MEDICAL EXAMINATION'!K22:T2356,4,FALSE) -> 11.41 | E21: =VLOOKUP(A21,'MEDICAL EXAMINATION'!K22:T2356,6,FALSE) -> No | F21: =VLOOKUP(A21,'MEDICAL EXAMINATION'!K22:T2356,7,FALSE) -> No | G21: =VLOOKUP(A21,'MEDICAL EXAMINATION'!K22:T2356,8,FALSE) -> No | H21: =VLOOKUP(A21,'MEDICAL EXAMINATION'!K22:T2356,9,FALSE) -> No major surgery | I21: =VLOOKUP(A21,'MEDICAL EXAMINATION'!K22:T2356,10,FALSE) -> yes | J21: =VLOOKUP(A21,'MEDICAL EXAMINATION'!K22:T2356,3,FALSE) -> OVERWEIGHT | K21: =VLOOKUP(A21,'MEDICAL EXAMINATION'!K22:T2356,5,FALSE) -> DIABETES | L21: =VLOOKUP(A21,'HOSPITALIZATION DETAILS'!X22:AG2356,8,FALSE) -> 09/11/1971 | M21: =VLOOKUP(A21,'HOSPITALIZATION DETAILS'!X22:AG2356,4,FALSE) -> 11068.77 | N21: =VLOOKUP(A21,'HOSPITALIZATION DETAILS'!X22:AG2356,5,FALSE) -> tier - 3 | O21: =VLOOKUP(A21,'HOSPITALIZATION DETAILS'!X22:AG2356,6,FALSE) -> tier - 2 | P21: =VLOOKUP(A21,'HOSPITALIZATION DETAILS'!X22:AG2356,7,FALSE) -> R1012 | Q21: =VLOOKUP(A21,'HOSPITALIZATION DETAILS'!X22:AG2356,10,FALSE) -> 51
A22: Id21 | B22: =VLOOKUP(A22,'CUSTOMER NAMES'!E22:H2357,4,FALSE) -> Myles | C22: =VLOOKUP(A22,'MEDICAL EXAMINATION'!K23:T2357,2,FALSE) -> 36.3 | D22: =VLOOKUP(A22,'MEDICAL EXAMINATION'!K23:T2357,4,FALSE) -> 11.5 | E22: =VLOOKUP(A22,'MEDICAL EXAMINATION'!K23:T2357,6,FALSE) -> yes | F22: =VLOOKUP(A22,'MEDICAL EXAMINATION'!K23:T2357,7,FALSE) -> No | G22: =VLOOKUP(A22,'MEDICAL EXAMINATION'!K23:T2357,8,FALSE) -> No | H22: =VLOOKUP(A22,'MEDICAL EXAMINATION'!K23:T2357,9,FALSE) -> 2 | I22: =VLOOKUP(A22,'MEDICAL EXAMINATION'!K23:T2357,10,FALSE) -> yes | J22: =VLOOKUP(A22,'MEDICAL EXAMINATION'!K23:T2357,3,FALSE) -> OVERWEIGHT | K22: =VLOOKUP(A22,'MEDICAL EXAMINATION'!K23:T2357,5,FALSE) -> DIABETES | L22: =VLOOKUP(A22,'HOSPITALIZATION DETAILS'!X23:AG2357,8,FALSE) -> 18/09/2000 | M22: =VLOOKUP(A22,'HOSPITALIZATION DETAILS'!X23:AG2357,4,FALSE) -> 11068.7 | N22: =VLOOKUP(A22,'HOSPITALIZATION DETAILS'!X23:AG2357,5,FALSE) -> tier - 3 | O22: =VLOOKUP(A22,'HOSPITALIZATION DETAILS'!X23:AG2357,6,FALSE) -> tier - 1 | P22: =VLOOKUP(A22,'HOSPITALIZATION DETAILS'!X23:AG2357,7,FALSE) -> R1011 | Q22: =VLOOKUP(A22,'HOSPITALIZATION DETAILS'!X23:AG2357,10,FALSE) -> 22
A23: Id22 | B23: =VLOOKUP(A23,'CUSTOMER NAMES'!E23:H2358,4,FALSE) -> Madelyn C | C23: =VLOOKUP(A23,'MEDICAL EXAMINATION'!K24:T2358,2,FALSE) -> 32.2 | D23: =VLOOKUP(A23,'MEDICAL EXAMINATION'!K24:T2358,4,FALSE) -> 6.22 | E23: =VLOOKUP(A23,'MEDICAL EXAMINATION'!K24:T2358,6,FALSE) -> yes | F23: =VLOOKUP(A23,'MEDICAL EXAMINATION'!K24:T2358,7,FALSE) -> No | G23: =VLOOKUP(A23,'MEDICAL EXAMINATION'!K24:T2358,8,FALSE) -> No | H23: =VLOOKUP(A23,'MEDICAL EXAMINATION'!K24:T2358,9,FALSE) -> 2 | I23: =VLOOKUP(A23,'MEDICAL EXAMINATION'!K24:T2358,10,FALSE) -> yes | J23: =VLOOKUP(A23,'MEDICAL EXAMINATION'!K24:T2358,3,FALSE) -> OVERWEIGHT | K23: =VLOOKUP(A23,'MEDICAL EXAMINATION'!K24:T2358,5,FALSE) -> PREDIABETES | L23: =VLOOKUP(A23,'HOSPITALIZATION DETAILS'!X24:AG2358,8,FALSE) -> 17/12/2001 | M23: =VLOOKUP(A23,'HOSPITALIZATION DETAILS'!X24:AG2358,4,FALSE) -> 11046.02 | N23: =VLOOKUP(A23,'HOSPITALIZATION DETAILS'!X24:AG2358,5,FALSE) -> tier - 3 | O23: =VLOOKUP(A23,'HOSPITALIZATION DETAILS'!X24:AG2358,6,FALSE) -> tier - 1 | P23: =VLOOKUP(A23,'HOSPITALIZATION DETAILS'!X24:AG2358,7,FALSE) -> R1026 | Q23: =VLOOKUP(A23,'HOSPITALIZATION DETAILS'!X24:AG2358,10,FALSE) -> 21
A24: Id23 | B24: =VLOOKUP(A24,'CUSTOMER NAMES'!E24:H2359,4,FALSE) -> Nicole | C24: =VLOOKUP(A24,'MEDICAL EXAMINATION'!K25:T2359,2,FALSE) -> 31.3 | D24: =VLOOKUP(A24,'MEDICAL EXAMINATION'!K25:T2359,4,FALSE) -> 11.38 | E24: =VLOOKUP(A24,'MEDICAL EXAMINATION'!K25:T2359,6,FALSE) -> No | F24: =VLOOKUP(A24,'MEDICAL EXAMINATION'!K25:T2359,7,FALSE) -> No | G24: =VLOOKUP(A24,'MEDICAL EXAMINATION'!K25:T2359,8,FALSE) -> No | H24: =VLOOKUP(A24,'MEDICAL EXAMINATION'!K25:T2359,9,FALSE) -> 3 | I24: =VLOOKUP(A24,'MEDICAL EXAMINATION'!K25:T2359,10,FALSE) -> yes | J24: =VLOOKUP(A24,'MEDICAL EXAMINATION'!K25:T2359,3,FALSE) -> OVERWEIGHT | K24: =VLOOKUP(A24,'MEDICAL EXAMINATION'!K25:T2359,5,FALSE) -> DIABETES | L24: =VLOOKUP(A24,'HOSPITALIZATION DETAILS'!X25:AG2359,8,FALSE) -> 30/08/1974 | M24: =VLOOKUP(A24,'HOSPITALIZATION DETAILS'!X25:AG2359,4,FALSE) -> 11037.85 | N24: =VLOOKUP(A24,'HOSPITALIZATION DETAILS'!X25:AG2359,5,FALSE) -> tier - 3 | O24: =VLOOKUP(A24,'HOSPITALIZATION DETAILS'!X25:AG2359,6,FALSE) -> tier - 2 | P24: =VLOOKUP(A24,'HOSPITALIZATION DETAILS'!X25:AG2359,7,FALSE) -> R1025 | Q24: =VLOOKUP(A24,'HOSPITALIZATION DETAILS'!X25:AG2359,10,FALSE) -> 48
... A2336: Id2335 | B2336: =VLOOKUP(A2336,'CUSTOMER NAMES'!E2336:H4671,4,FALSE) -> Aaron K | C2336: =VLOOKUP(A2336,'MEDICAL EXAMINATION'!K2337:T4671,2,FALSE) -> 17.58 | D2336: =VLOOKUP(A2336,'MEDICAL EXAMINATION'!K2337:T4671,4,FALSE) -> 4.51 | E2336: =VLOOKUP(A2336,'MEDICAL EXAMINATION'!K2337:T4671,6,FALSE) -> No | F2336: =VLOOKUP(A2336,'MEDICAL EXAMINATION'!K2337:T4671,7,FALSE) -> No | G2336: =VLOOKUP(A2336,'MEDICAL EXAMINATION'!K2337:T4671,8,FALSE) -> No | H2336: =VLOOKUP(A2336,'MEDICAL EXAMINATION'!K2337:T4671,9,FALSE) -> 1 | I2336: =VLOOKUP(A2336,'MEDICAL EXAMINATION'!K2337:T4671,10,FALSE) -> No | J2336: =VLOOKUP(A2336,'MEDICAL EXAMINATION'!K2337:T4671,3,FALSE) -> Underweight | K2336: =VLOOKUP(A2336,'MEDICAL EXAMINATION'!K2337:T4671,5,FALSE) -> NORMAL | L2336: =VLOOKUP(A2336,'HOSPITALIZATION DETAILS'!X2337:AG4671,8,FALSE) -> 11/10/1969 | M2336: =VLOOKUP(A2336,'HOSPITALIZATION DETAILS'!X2337:AG4671,4,FALSE) -> 11264.54 | N2336: =VLOOKUP(A2336,'HOSPITALIZATION DETAILS'!X2337:AG4671,5,FALSE) -> tier - 3 | O2336: =VLOOKUP(A2336,'HOSPITALIZATION DETAILS'!X2337:AG4671,6,FALSE) -> tier - 2 | P2336: =VLOOKUP(A2336,'HOSPITALIZATION DETAILS'!X2337:AG4671,7,FALSE) -> R1011 | Q2336: =VLOOKUP(A2336,'HOSPITALIZATION DETAILS'!X2337:AG4671,10,FALSE) -> 53

Sheet PIVOT TABLE
A2: Count of Customer ID | B2: Column Labels
A3: Row Labels | B3: No | C3: Yes | D3: Grand Total | F3: Row Labels | G3: Sum of HbA1C
A4: No | B4: 1538 | C4: 307 | D4: 1845 | F4: No | G4: 14614.94
A5: unknown | B5: 2 | D5: 2 | F5: yes | G5: 747.02
A6: yes | B6: 404 | C6: 84 | D6: 488 | F6: Grand Total | G6: 15361.96
A7: Grand Total | B7: 1944 | C7: 391 | D7: 2335
A10: Row Labels | B10: Count of Number of Major surgeries | E10: Sum of Charges | F10: Column Labels
A11: No | B11: 2191 | E11: Row Labels | F11: DIABETES | G11: Grand Total
A12: yes | B12: 144 | E12: Normal | F12: 1781343 | G12: 1781343
A13: Grand Total | B13: 2335 | E13: OBESITY | F13: 1566094 | G13: 1566094
E14: OVERWEIGHT | F14: 4768025.6 | G14: 4768025.6
E15: Underweight | F15: 1180993 | G15: 1180993
E16: Grand Total | F16: 9296455.6 | G16: 9296455.6
A18: Sum of Charges | B18: Column Labels
A19: Row Labels | B19: tier - 1 | C19: tier - 2 | D19: tier - 3 | E19: Grand Total
A20: R1011 | B20: 3879432.4 | C20: 6041135.3 | D20: 1283797.2 | E20: 11204365
A21: R1012 | B21: 1645021.8 | C21: 3503320.7 | D21: 1761130 | E21: 6909472.5
A22: R1013 | B22: 2133286 | C22: 3164031.6 | D22: 1172128.7 | E22: 6469446.3
A23: R1014 | B23: 138918.6 | C23: 2395.17 | D23: 33900.97 | E23: 175214.74
A24: R1015 | B24: 43047.04 | C24: 115037.35 | D24: 30283.02 | E24: 188367.41
A25: R1016 | B25: 318948.93 | C25: 192911.56 | D25: 357852.37 | E25: 869712.86
A26: R1017 | B26: 238494.17 | C26: 181849.95 | D26: 112675.76 | E26: 533019.88
A27: R1018 | B27: 33475.82 | C27: 60837.32 | D27: 25141.94 | E27: 119455.08
A28: R1019 | B28: 138108.05 | C28: 89283.92 | D28: 127069.76 | E28: 354461.73
A29: R1020 | C29: 20281.63 | D29: 35149.36 | E29: 55430.99
A30: R1021 | C30: 360404.4 | D30: 264932.07 | E30: 625336.47
A31: R1022 | C31: 90918.24 | D31: 58189.06 | E31: 149107.3
A32: R1023 | B32: 73047.03 | C32: 322970.27 | D32: 127856.37 | E32: 523873.67
A33: R1024 | B33: 458250.62 | C33: 1119178.1 | D33: 480995.24 | E33: 2058423.9
A34: R1025 | C34: 130834.7 | D34: 220716.59 | E34: 351551.29
A35: R1026 | B35: 93548.99 | C35: 500623.53 | D35: 443725.56 | E35: 1037898.1
A36: Grand Total | B36: 9193579.5 | C36: 15896014 | D36: 6535543.9 | E36: 31625137

Sheet dashboard
